customer_id,name,email,phone,loyalty_program_id,created_at
1,Customer 1,cust1@example.com,1234567891,3,2021-04-28
2,Customer 2,cust2@example.com,1234567892,5,2021-07-01
3,Customer 3,cust3@example.com,1234567893,3,2023-01-23
4,Customer 4,cust4@example.com,1234567894,1,2022-05-28
5,Customer 5,cust5@example.com,1234567895,5,2098-01-21
6,Customer 6,cust6@example.com,1234567896,1,2023-05-08
7,Customer 7,cust7@example.com,1234567897,4,2020-05-20
8,Customer 8,cust8@example.com,1234567898,4,2023-09-01
9,Customer 9,cust9@example.com,1234567899,5,2065-05-21
10,Customer 10,cust10@example.com,1234567890,3,2020-02-29
11,Customer 11,cust11@example.com,1234567891,4,2021-04-08
12,Customer 12,cust12@example.com,1234567892,1,2020-08-17
13,Customer 13,cust13@example.com,1234567893,5,2022-02-28
14,Customer 14,cust14@example.com,1234567894,4,2021-12-18
15,Customer 15,cust15@example.com,1234567895,4,2020-09-19
16,Customer 16,cust16@example.com,1234567896,1,2020-05-31
17,Customer 17,cust17@example.com,1234567897,5,2023-11-15
18,Customer 18,cust18@example.com,1234567898,4,2020-11-28
19,Customer 19,cust19@example.com,1234567899,1,2023-09-05
20,Customer 20,cust20@example.com,1234567890,4,2022-07-25
21,Customer 21,cust21@example.com,1234567891,4,2021-09-15
22,Customer 22,cust22@example.com,1234567892,3,2022-07-25
23,Customer 23,cust23@example.com,1234567893,5,2020-07-11
24,Customer 24,cust24@example.com,1234567894,5,2021-03-28
25,Customer 25,cust25@example.com,1234567895,1,2073-09-25
26,Customer 26,cust26@example.com,1234567896,1,2023-06-19
27,Customer 27,cust27@example.com,1234567897,3,2021-04-15
28,Customer 28,cust28@example.com,1234567898,5,2020-06-24
29,Customer 29,cust29@example.com,1234567899,2,2021-03-09
30,Customer 30,cust30@example.com,1234567890,3,2022-06-06
31,Customer 31,cust31@example.com,1234567891,1,2020-08-22
32,Customer 32,cust32@example.com,1234567892,3,2021-07-05
33,Customer 33,cust33@example.com,1234567893,2,2022-03-31
34,Customer 34,cust34@example.com,1234567894,4,2021-01-02
35,Customer 35,cust35@example.com,1234567895,4,2023-05-14
36,Customer 36,cust36@example.com,1234567896,3,2022-10-01
37,Customer 37,cust37@example.com,1234567897,5,2020-06-15
38,Customer 38,cust38@example.com,1234567898,2,2023-01-19
39,Customer 39,cust39@example.com,1234567899,2,2047-08-04
40,Customer 40,cust40@example.com,1234567890,2,2023-10-24
41,Customer 41,cust41@example.com,1234567891,1,2022-02-04
42,Customer 42,cust42@example.com,1234567892,5,2021-12-15
43,Customer 43,cust43@example.com,1234567893,4,2043-00-03
44,Customer 44,cust44@example.com,1234567894,4,2023-08-24
45,Customer 45,cust45@example.com,1234567895,5,2021-02-14
46,Customer 46,cust46@example.com,1234567896,3,2022-12-15
47,Customer 47,cust47@example.com,1234567897,4,2021-01-11
48,Customer 48,cust48@example.com,1234567898,4,2022-06-14
49,Customer 49,cust49@example.com,1234567899,4,2079-07-25
50,Customer 50,cust50@example.com,1234567890,1,2053-04-03
51,Customer 51,cust51@example.com,1234567891,5,2021-04-17
52,Customer 52,cust52@example.com,1234567892,2,2020-12-02
53,Customer 53,cust53@example.com,1234567893,4,2023-02-03
54,Customer 54,cust54@example.com,1234567894,5,2063-05-04
55,Customer 55,cust55@example.com,1234567895,4,2020-02-09
56,Customer 56,cust56@example.com,1234567896,3,2021-02-23
57,Customer 57,cust57@example.com,1234567897,5,2023-06-28
58,Customer 58,cust58@example.com,1234567898,3,2021-10-08
59,Customer 59,cust59@example.com,1234567899,3,2023-07-17
60,Customer 60,cust60@example.com,1234567890,5,2023-02-24
61,Customer 61,cust61@example.com,1234567891,2,2023-04-27
62,Customer 62,cust62@example.com,1234567892,2,2021-01-03
63,Customer 63,cust63@example.com,1234567893,4,2023-10-17
64,Customer 64,cust64@example.com,1234567894,4,2023-03-05
65,Customer 65,cust65@example.com,1234567895,4,2020-07-30
66,Customer 66,cust66@example.com,1234567896,4,2020-03-27
67,Customer 67,cust67@example.com,1234567897,1,2022-12-31
68,Customer 68,cust68@example.com,1234567898,4,2021-10-27
69,Customer 69,cust69@example.com,1234567899,1,2021-03-03
70,Customer 70,cust70@example.com,1234567890,1,2021-04-23
71,Customer 71,cust71@example.com,1234567891,4,2023-07-08
72,Customer 72,cust72@example.com,1234567892,1,2031-01-22
73,Customer 73,cust73@example.com,1234567893,3,2021-11-19
74,Customer 74,cust74@example.com,1234567894,4,2022-05-01
75,Customer 75,cust75@example.com,1234567895,1,2021-10-15
76,Customer 76,cust76@example.com,1234567896,5,2022-10-20
77,Customer 77,cust77@example.com,1234567897,4,2022-04-28
78,Customer 78,cust78@example.com,1234567898,2,2021-09-02
79,Customer 79,cust79@example.com,1234567899,4,2023-11-30
80,Customer 80,cust80@example.com,1234567890,2,2023-08-16
81,Customer 81,cust81@example.com,1234567891,3,2021-11-03
82,Customer 82,cust82@example.com,1234567892,4,2022-02-15
83,Customer 83,cust83@example.com,1234567893,4,2020-11-15
84,Customer 84,cust84@example.com,1234567894,2,2023-06-05
85,Customer 85,cust85@example.com,1234567895,2,2021-05-13
86,Customer 86,cust86@example.com,1234567896,1,2021-01-05
87,Customer 87,cust87@example.com,1234567897,4,2020-05-03
88,Customer 88,cust88@example.com,1234567898,3,2020-10-20
89,Customer 89,cust89@example.com,1234567899,4,2021-05-01
90,Customer 90,cust90@example.com,1234567890,5,2021-10-16
91,Customer 91,cust91@example.com,1234567891,4,2020-12-01
92,Customer 92,cust92@example.com,1234567892,4,2020-04-21
93,Customer 93,cust93@example.com,1234567893,4,2023-08-01
94,Customer 94,cust94@example.com,1234567894,5,2021-09-29
95,Customer 95,cust95@example.com,1234567895,2,2023-07-29
96,Customer 96,cust96@example.com,1234567896,4,2020-02-10
97,Customer 97,cust97@example.com,1234567897,1,2023-08-31
98,Customer 98,cust98@example.com,1234567898,2,2023-12-25
99,Customer 99,cust99@example.com,1234567899,1,2020-11-04
100,Customer 100,cust100@example.com,1234567890,3,2021-10-24
101,Customer 101,cust101@example.com,1234567891,5,2021-06-18
102,Customer 102,cust102@example.com,1234567892,3,2023-10-09
103,Customer 103,cust103@example.com,1234567893,2,2023-09-27
104,Customer 104,cust104@example.com,1234567894,1,2021-06-18
105,Customer 105,cust105@example.com,1234567895,2,2023-05-09
106,Customer 106,cust106@example.com,1234567896,1,2022-09-14
107,Customer 107,cust107@example.com,1234567897,3,2043-10-17
108,Customer 108,cust108@example.com,1234567898,2,2021-11-27
109,Customer 109,cust109@example.com,1234567899,1,2020-10-10
110,Customer 110,cust110@example.com,1234567890,3,2020-07-22
111,Customer 111,cust111@example.com,1234567891,3,2022-04-14
112,Customer 112,cust112@example.com,1234567892,1,2020-04-13
113,Customer 113,cust113@example.com,1234567893,4,2079-10-12
114,Customer 114,cust114@example.com,1234567894,5,2021-07-24
115,Customer 115,cust115@example.com,1234567895,1,2023-12-23
116,Customer 116,cust116@example.com,1234567896,2,2020-05-11
117,Customer 117,cust117@example.com,1234567897,2,2020-09-05
118,Customer 118,cust118@example.com,1234567898,3,2023-03-06
119,Customer 119,cust119@example.com,1234567899,3,2020-09-14
120,Customer 120,cust120@example.com,1234567890,1,2023-12-09
121,Customer 121,cust121@example.com,1234567891,3,2021-05-28
122,Customer 122,cust122@example.com,1234567892,4,2020-04-13
123,Customer 123,cust123@example.com,1234567893,2,2022-10-04
124,Customer 124,cust124@example.com,1234567894,2,2022-04-05
125,Customer 125,cust125@example.com,1234567895,1,2022-10-02
126,Customer 126,cust126@example.com,1234567896,2,2023-06-20
127,Customer 127,cust127@example.com,1234567897,1,2085-06-08
128,Customer 128,cust128@example.com,1234567898,3,2021-11-21
129,Customer 129,cust129@example.com,1234567899,1,2021-10-06
130,Customer 130,cust130@example.com,1234567890,2,2020-03-01
131,Customer 131,cust131@example.com,1234567891,3,2020-06-12
132,Customer 132,cust132@example.com,1234567892,2,2023-03-14
133,Customer 133,cust133@example.com,1234567893,5,2022-02-20
134,Customer 134,cust134@example.com,1234567894,2,2022-02-01
135,Customer 135,cust135@example.com,1234567895,3,2023-12-17
136,Customer 136,cust136@example.com,1234567896,1,2022-06-14
137,Customer 137,cust137@example.com,1234567897,4,2022-06-10
138,Customer 138,cust138@example.com,1234567898,1,2022-07-22
139,Customer 139,cust139@example.com,1234567899,3,2022-03-14
140,Customer 140,cust140@example.com,1234567890,3,2020-08-08
141,Customer 141,cust141@example.com,1234567891,3,2021-06-02
142,Customer 142,cust142@example.com,1234567892,4,2023-03-13
143,Customer 143,cust143@example.com,1234567893,3,2020-07-30
144,Customer 144,cust144@example.com,1234567894,5,2021-09-20
145,Customer 145,cust145@example.com,1234567895,4,2023-07-20
146,Customer 146,cust146@example.com,1234567896,4,2022-04-01
147,Customer 147,cust147@example.com,1234567897,3,2022-11-20
148,Customer 148,cust148@example.com,1234567898,5,2023-07-27
149,Customer 149,cust149@example.com,1234567899,1,2088-03-01
150,Customer 150,cust150@example.com,1234567890,4,2021-04-16
151,Customer 151,cust151@example.com,1234567891,3,2021-06-24
152,Customer 152,cust152@example.com,1234567892,2,2020-09-21
153,Customer 153,cust153@example.com,1234567893,1,2020-10-26
154,Customer 154,cust154@example.com,1234567894,3,2022-03-01
155,Customer 155,cust155@example.com,1234567895,3,2023-05-21
156,Customer 156,cust156@example.com,1234567896,3,2022-07-19
157,Customer 157,cust157@example.com,1234567897,5,2079-05-16
158,Customer 158,cust158@example.com,1234567898,3,2020-11-21
159,Customer 159,cust159@example.com,1234567899,1,2021-02-06
160,Customer 160,cust160@example.com,1234567890,1,2023-10-09
161,Customer 161,cust161@example.com,1234567891,1,2020-05-07
162,Customer 162,cust162@example.com,1234567892,5,2023-01-08
163,Customer 163,cust163@example.com,1234567893,5,2100-08-06
164,Customer 164,cust164@example.com,1234567894,2,2021-09-12
165,Customer 165,cust165@example.com,1234567895,1,2022-03-01
166,Customer 166,cust166@example.com,1234567896,1,2021-12-29
167,Customer 167,cust167@example.com,1234567897,5,2021-10-15
168,Customer 168,cust168@example.com,1234567898,1,2022-05-28
169,Customer 169,cust169@example.com,1234567899,2,2023-02-20
170,Customer 170,cust170@example.com,1234567890,1,2021-12-08
171,Customer 171,cust171@example.com,1234567891,4,2023-12-24
172,Customer 172,cust172@example.com,1234567892,1,2023-04-04
173,Customer 173,cust173@example.com,1234567893,1,2023-08-19
174,Customer 174,cust174@example.com,1234567894,4,2020-01-02
175,Customer 175,cust175@example.com,1234567895,2,2020-03-29
176,Customer 176,cust176@example.com,1234567896,5,2021-04-28
177,Customer 177,cust177@example.com,1234567897,5,2021-03-14
178,Customer 178,cust178@example.com,1234567898,3,2021-05-04
179,Customer 179,cust179@example.com,1234567899,3,2020-11-25
180,Customer 180,cust180@example.com,1234567890,1,2023-11-07
181,Customer 181,cust181@example.com,1234567891,5,2023-08-08
182,Customer 182,cust182@example.com,1234567892,2,2021-07-21
183,Customer 183,cust183@example.com,1234567893,3,2023-07-14
184,Customer 184,cust184@example.com,1234567894,2,2023-11-18
185,Customer 185,cust185@example.com,1234567895,2,2020-09-02
186,Customer 186,cust186@example.com,1234567896,5,2021-08-27
187,Customer 187,cust187@example.com,1234567897,5,2021-04-10
188,Customer 188,cust188@example.com,1234567898,5,2020-03-18
189,Customer 189,cust189@example.com,1234567899,5,2023-12-07
190,Customer 190,cust190@example.com,1234567890,4,2020-09-21
191,Customer 191,cust191@example.com,1234567891,5,2022-09-02
192,Customer 192,cust192@example.com,1234567892,2,2020-11-28
193,Customer 193,cust193@example.com,1234567893,1,2021-08-30
194,Customer 194,cust194@example.com,1234567894,1,2023-04-04
195,Customer 195,cust195@example.com,1234567895,3,2023-03-07
196,Customer 196,cust196@example.com,1234567896,1,2023-12-27
197,Customer 197,cust197@example.com,1234567897,1,2022-04-14
198,Customer 198,cust198@example.com,1234567898,1,2022-09-25
199,Customer 199,cust199@example.com,1234567899,1,2021-04-02
200,Customer 200,cust200@example.com,1234567890,2,2023-10-11
201,Customer 201,cust201@example.com,1234567891,2,2023-02-02
202,Customer 202,cust202@example.com,1234567892,1,2020-06-25
203,Customer 203,cust203@example.com,1234567893,4,2021-05-04
204,Customer 204,cust204@example.com,1234567894,2,2021-05-01
205,Customer 205,cust205@example.com,1234567895,2,2020-09-22
206,Customer 206,cust206@example.com,1234567896,5,2022-11-03
207,Customer 207,cust207@example.com,1234567897,5,2022-08-22
208,Customer 208,cust208@example.com,1234567898,4,2023-10-15
209,Customer 209,cust209@example.com,1234567899,1,2023-10-15
210,Customer 210,cust210@example.com,1234567890,4,2023-07-26
211,Customer 211,cust211@example.com,1234567891,3,2022-03-25
212,Customer 212,cust212@example.com,1234567892,2,2021-08-05
213,Customer 213,cust213@example.com,1234567893,3,2023-08-30
214,Customer 214,cust214@example.com,1234567894,5,2020-08-13
215,Customer 215,cust215@example.com,1234567895,1,2023-11-08
216,Customer 216,cust216@example.com,1234567896,5,2021-07-21
217,Customer 217,cust217@example.com,1234567897,3,2022-10-28
218,Customer 218,cust218@example.com,1234567898,5,2020-11-04
219,Customer 219,cust219@example.com,1234567899,5,2022-09-13
220,Customer 220,cust220@example.com,1234567890,3,2021-07-27
221,Customer 221,cust221@example.com,1234567891,4,2023-07-17
222,Customer 222,cust222@example.com,1234567892,3,2023-09-09
223,Customer 223,cust223@example.com,1234567893,5,2021-09-28
224,Customer 224,cust224@example.com,1234567894,5,2022-06-01
225,Customer 225,cust225@example.com,1234567895,1,2020-06-30
226,Customer 226,cust226@example.com,1234567896,3,2020-08-21
227,Customer 227,cust227@example.com,1234567897,4,2023-06-05
228,Customer 228,cust228@example.com,1234567898,3,2021-10-03
229,Customer 229,cust229@example.com,1234567899,4,2022-09-04
230,Customer 230,cust230@example.com,1234567890,4,2023-10-29
231,Customer 231,cust231@example.com,1234567891,1,2022-07-03
232,Customer 232,cust232@example.com,1234567892,2,2021-05-06
233,Customer 233,cust233@example.com,1234567893,2,2022-11-28
234,Customer 234,cust234@example.com,1234567894,4,2020-11-10
235,Customer 235,cust235@example.com,1234567895,4,2023-05-04
236,Customer 236,cust236@example.com,1234567896,2,2021-05-21
237,Customer 237,cust237@example.com,1234567897,5,2020-05-16
238,Customer 238,cust238@example.com,1234567898,4,2021-10-22
239,Customer 239,cust239@example.com,1234567899,4,2020-02-26
240,Customer 240,cust240@example.com,1234567890,2,2022-01-31
241,Customer 241,cust241@example.com,1234567891,2,2022-10-03
242,Customer 242,cust242@example.com,1234567892,5,2020-09-06
243,Customer 243,cust243@example.com,1234567893,2,2020-11-20
244,Customer 244,cust244@example.com,1234567894,1,2021-10-10
245,Customer 245,cust245@example.com,1234567895,4,2022-07-12
246,Customer 246,cust246@example.com,1234567896,3,2020-07-31
247,Customer 247,cust247@example.com,1234567897,2,2022-01-27
248,Customer 248,cust248@example.com,1234567898,3,2070-00-09
249,Customer 249,cust249@example.com,1234567899,3,2023-04-20
250,Customer 250,cust250@example.com,1234567890,5,2020-01-31
251,Customer 251,cust251@example.com,1234567891,4,2022-05-09
252,Customer 252,cust252@example.com,1234567892,5,2046-06-20
253,Customer 253,cust253@example.com,1234567893,1,2023-05-31
254,Customer 254,cust254@example.com,1234567894,2,2022-09-15
255,Customer 255,cust255@example.com,1234567895,5,2080-02-23
256,Customer 256,cust256@example.com,1234567896,2,2022-07-01
257,Customer 257,cust257@example.com,1234567897,3,2023-08-05
258,Customer 258,cust258@example.com,1234567898,2,2023-02-17
259,Customer 259,cust259@example.com,1234567899,3,2022-12-10
260,Customer 260,cust260@example.com,1234567890,5,2098-05-06
261,Customer 261,cust261@example.com,1234567891,4,2021-09-19
262,Customer 262,cust262@example.com,1234567892,1,2023-06-30
263,Customer 263,cust263@example.com,1234567893,2,2022-12-20
264,Customer 264,cust264@example.com,1234567894,3,2022-08-22
265,Customer 265,cust265@example.com,1234567895,2,2022-07-19
266,Customer 266,cust266@example.com,1234567896,3,2023-03-22
267,Customer 267,cust267@example.com,1234567897,4,2022-05-07
268,Customer 268,cust268@example.com,1234567898,2,2023-08-23
269,Customer 269,cust269@example.com,1234567899,5,2020-02-28
270,Customer 270,cust270@example.com,1234567890,1,2021-12-13
271,Customer 271,cust271@example.com,1234567891,2,2023-08-14
272,Customer 272,cust272@example.com,1234567892,5,2020-03-29
273,Customer 273,cust273@example.com,1234567893,4,2022-01-19
274,Customer 274,cust274@example.com,1234567894,2,2072-05-24
275,Customer 275,cust275@example.com,1234567895,5,2022-11-23
276,Customer 276,cust276@example.com,1234567896,2,2021-10-16
277,Customer 277,cust277@example.com,1234567897,3,2022-08-09
278,Customer 278,cust278@example.com,1234567898,3,2022-07-17
279,Customer 279,cust279@example.com,1234567899,1,2023-05-04
280,Customer 280,cust280@example.com,1234567890,3,2022-05-19
281,Customer 281,cust281@example.com,1234567891,5,2023-07-20
282,Customer 282,cust282@example.com,1234567892,4,2020-04-27
283,Customer 283,cust283@example.com,1234567893,2,2023-07-24
284,Customer 284,cust284@example.com,1234567894,3,2020-01-27
285,Customer 285,cust285@example.com,1234567895,4,2021-09-19
286,Customer 286,cust286@example.com,1234567896,4,2061-05-07
287,Customer 287,cust287@example.com,1234567897,1,2023-08-26
288,Customer 288,cust288@example.com,1234567898,1,2021-04-01
289,Customer 289,cust289@example.com,1234567899,1,2021-11-23
290,Customer 290,cust290@example.com,1234567890,1,2023-03-30
291,Customer 291,cust291@example.com,1234567891,4,2020-06-13
292,Customer 292,cust292@example.com,1234567892,2,2022-04-02
293,Customer 293,cust293@example.com,1234567893,4,2020-11-10
294,Customer 294,cust294@example.com,1234567894,1,2021-04-25
295,Customer 295,cust295@example.com,1234567895,3,2020-10-13
296,Customer 296,cust296@example.com,1234567896,1,2023-04-18
297,Customer 297,cust297@example.com,1234567897,5,2021-02-21
298,Customer 298,cust298@example.com,1234567898,3,2022-03-30
299,Customer 299,cust299@example.com,1234567899,4,2023-11-09
300,Customer 300,cust300@example.com,1234567890,4,2023-01-30
301,Customer 301,cust301@example.com,1234567891,1,2023-09-02
302,Customer 302,cust302@example.com,1234567892,2,2021-12-02
303,Customer 303,cust303@example.com,1234567893,4,2023-07-25
304,Customer 304,cust304@example.com,1234567894,3,2020-04-07
305,Customer 305,cust305@example.com,1234567895,5,2022-07-10
306,Customer 306,cust306@example.com,1234567896,3,2021-01-19
307,Customer 307,cust307@example.com,1234567897,4,2022-06-08
308,Customer 308,cust308@example.com,1234567898,5,2022-11-10
309,Customer 309,cust309@example.com,1234567899,4,2023-11-01
310,Customer 310,cust310@example.com,1234567890,2,2020-01-28
311,Customer 311,cust311@example.com,1234567891,5,2023-11-02
312,Customer 312,cust312@example.com,1234567892,3,2021-11-01
313,Customer 313,cust313@example.com,1234567893,3,2058-05-16
314,Customer 314,cust314@example.com,1234567894,5,2021-01-20
315,Customer 315,cust315@example.com,1234567895,2,2023-08-09
316,Customer 316,cust316@example.com,1234567896,3,2023-12-31
317,Customer 317,cust317@example.com,1234567897,5,2020-02-04
318,Customer 318,cust318@example.com,1234567898,1,2093-08-12
319,Customer 319,cust319@example.com,1234567899,4,2020-07-06
320,Customer 320,cust320@example.com,1234567890,2,2023-10-05
321,Customer 321,cust321@example.com,1234567891,5,2022-07-09
322,Customer 322,cust322@example.com,1234567892,4,2020-08-15
323,Customer 323,cust323@example.com,1234567893,5,2022-04-07
324,Customer 324,cust324@example.com,1234567894,4,2021-03-24
325,Customer 325,cust325@example.com,1234567895,5,2021-02-22
326,Customer 326,cust326@example.com,1234567896,1,2022-10-10
327,Customer 327,cust327@example.com,1234567897,2,2022-09-04
328,Customer 328,cust328@example.com,1234567898,2,2021-05-31
329,Customer 329,cust329@example.com,1234567899,2,2035-08-04
330,Customer 330,cust330@example.com,1234567890,1,2020-06-11
331,Customer 331,cust331@example.com,1234567891,3,2020-07-14
332,Customer 332,cust332@example.com,1234567892,2,2022-06-28
333,Customer 333,cust333@example.com,1234567893,3,2023-10-29
334,Customer 334,cust334@example.com,1234567894,5,2021-07-05
335,Customer 335,cust335@example.com,1234567895,4,2023-09-01
336,Customer 336,cust336@example.com,1234567896,3,2022-01-04
337,Customer 337,cust337@example.com,1234567897,4,2040-08-24
338,Customer 338,cust338@example.com,1234567898,5,2021-02-01
339,Customer 339,cust339@example.com,1234567899,2,2021-09-11
340,Customer 340,cust340@example.com,1234567890,2,2070-07-11
341,Customer 341,cust341@example.com,1234567891,3,2021-10-25
342,Customer 342,cust342@example.com,1234567892,4,2022-09-22
343,Customer 343,cust343@example.com,1234567893,2,2022-09-03
344,Customer 344,cust344@example.com,1234567894,1,2020-07-30
345,Customer 345,cust345@example.com,1234567895,5,2099-00-25
346,Customer 346,cust346@example.com,1234567896,1,2021-07-26
347,Customer 347,cust347@example.com,1234567897,2,2023-11-25
348,Customer 348,cust348@example.com,1234567898,5,2020-07-17
349,Customer 349,cust349@example.com,1234567899,4,2020-02-08
350,Customer 350,cust350@example.com,1234567890,3,2023-09-29
351,Customer 351,cust351@example.com,1234567891,1,2021-01-24
352,Customer 352,cust352@example.com,1234567892,3,2022-09-27
353,Customer 353,cust353@example.com,1234567893,4,2095-01-26
354,Customer 354,cust354@example.com,1234567894,4,2079-03-26
355,Customer 355,cust355@example.com,1234567895,2,2023-12-26
356,Customer 356,cust356@example.com,1234567896,4,2021-05-18
357,Customer 357,cust357@example.com,1234567897,3,2023-12-02
358,Customer 358,cust358@example.com,1234567898,4,2022-11-02
359,Customer 359,cust359@example.com,1234567899,1,2022-05-11
360,Customer 360,cust360@example.com,1234567890,3,2022-02-11
361,Customer 361,cust361@example.com,1234567891,3,2023-11-24
362,Customer 362,cust362@example.com,1234567892,2,2020-05-29
363,Customer 363,cust363@example.com,1234567893,1,2023-08-22
364,Customer 364,cust364@example.com,1234567894,1,2021-05-30
365,Customer 365,cust365@example.com,1234567895,1,2023-09-01
366,Customer 366,cust366@example.com,1234567896,2,2023-05-23
367,Customer 367,cust367@example.com,1234567897,2,2088-07-28
368,Customer 368,cust368@example.com,1234567898,3,2022-07-23
369,Customer 369,cust369@example.com,1234567899,2,2022-03-23
370,Customer 370,cust370@example.com,1234567890,3,2020-06-12
371,Customer 371,cust371@example.com,1234567891,1,2020-09-09
372,Customer 372,cust372@example.com,1234567892,2,2096-04-17
373,Customer 373,cust373@example.com,1234567893,1,2023-12-31
374,Customer 374,cust374@example.com,1234567894,4,2020-09-09
375,Customer 375,cust375@example.com,1234567895,2,2022-12-24
376,Customer 376,cust376@example.com,1234567896,2,2023-03-25
377,Customer 377,cust377@example.com,1234567897,1,2090-03-24
378,Customer 378,cust378@example.com,1234567898,4,2021-03-13
379,Customer 379,cust379@example.com,1234567899,4,2023-06-19
380,Customer 380,cust380@example.com,1234567890,2,2022-02-03
381,Customer 381,cust381@example.com,1234567891,3,2023-12-31
382,Customer 382,cust382@example.com,1234567892,1,2023-11-11
383,Customer 383,cust383@example.com,1234567893,4,2021-10-11
384,Customer 384,cust384@example.com,1234567894,1,2023-08-23
385,Customer 385,cust385@example.com,1234567895,5,2020-10-13
386,Customer 386,cust386@example.com,1234567896,5,2020-01-21
387,Customer 387,cust387@example.com,1234567897,4,2021-06-17
388,Customer 388,cust388@example.com,1234567898,1,2022-03-24
389,Customer 389,cust389@example.com,1234567899,3,2023-02-19
390,Customer 390,cust390@example.com,1234567890,2,2021-12-24
391,Customer 391,cust391@example.com,1234567891,3,2021-07-17
392,Customer 392,cust392@example.com,1234567892,5,2096-04-16
393,Customer 393,cust393@example.com,1234567893,1,2021-07-10
394,Customer 394,cust394@example.com,1234567894,5,2022-06-24
395,Customer 395,cust395@example.com,1234567895,5,2022-02-05
396,Customer 396,cust396@example.com,1234567896,5,2020-07-16
397,Customer 397,cust397@example.com,1234567897,4,2023-07-07
398,Customer 398,cust398@example.com,1234567898,2,2022-05-21
399,Customer 399,cust399@example.com,1234567899,2,2023-07-11
400,Customer 400,cust400@example.com,1234567890,5,2020-09-09
401,Customer 401,cust401@example.com,1234567891,1,2021-02-04
402,Customer 402,cust402@example.com,1234567892,4,2072-00-26
403,Customer 403,cust403@example.com,1234567893,1,2022-11-14
404,Customer 404,cust404@example.com,1234567894,2,2020-03-11
405,Customer 405,cust405@example.com,1234567895,3,2022-01-21
406,Customer 406,cust406@example.com,1234567896,2,2021-10-07
407,Customer 407,cust407@example.com,1234567897,2,2023-04-02
408,Customer 408,cust408@example.com,1234567898,1,2021-01-31
409,Customer 409,cust409@example.com,1234567899,3,2021-06-18
410,Customer 410,cust410@example.com,1234567890,2,2023-12-17
411,Customer 411,cust411@example.com,1234567891,1,2023-11-20
412,Customer 412,cust412@example.com,1234567892,5,2021-07-30
413,Customer 413,cust413@example.com,1234567893,1,2022-05-19
414,Customer 414,cust414@example.com,1234567894,4,2020-02-13
415,Customer 415,cust415@example.com,1234567895,4,2023-02-09
416,Customer 416,cust416@example.com,1234567896,2,2023-03-20
417,Customer 417,cust417@example.com,1234567897,1,2021-12-01
418,Customer 418,cust418@example.com,1234567898,1,2022-12-07
419,Customer 419,cust419@example.com,1234567899,4,2021-01-17
420,Customer 420,cust420@example.com,1234567890,1,2022-12-14
421,Customer 421,cust421@example.com,1234567891,4,2023-09-06
422,Customer 422,cust422@example.com,1234567892,5,2021-05-20
423,Customer 423,cust423@example.com,1234567893,2,2020-10-07
424,Customer 424,cust424@example.com,1234567894,2,2021-08-10
425,Customer 425,cust425@example.com,1234567895,1,2022-07-12
426,Customer 426,cust426@example.com,1234567896,5,2020-10-17
427,Customer 427,cust427@example.com,1234567897,2,2023-10-03
428,Customer 428,cust428@example.com,1234567898,5,2094-02-14
429,Customer 429,cust429@example.com,1234567899,5,2022-05-19
430,Customer 430,cust430@example.com,1234567890,3,2023-10-02
431,Customer 431,cust431@example.com,1234567891,2,2083-03-12
432,Customer 432,cust432@example.com,1234567892,2,2022-09-18
433,Customer 433,cust433@example.com,1234567893,3,2021-02-09
434,Customer 434,cust434@example.com,1234567894,3,2020-09-24
435,Customer 435,cust435@example.com,1234567895,2,2023-05-16
436,Customer 436,cust436@example.com,1234567896,2,2021-09-02
437,Customer 437,cust437@example.com,1234567897,1,2021-11-14
438,Customer 438,cust438@example.com,1234567898,5,2021-01-31
439,Customer 439,cust439@example.com,1234567899,2,2021-03-02
440,Customer 440,cust440@example.com,1234567890,2,2023-07-30
441,Customer 441,cust441@example.com,1234567891,1,2082-06-27
442,Customer 442,cust442@example.com,1234567892,1,2022-02-22
443,Customer 443,cust443@example.com,1234567893,5,2022-08-12
444,Customer 444,cust444@example.com,1234567894,4,2020-10-28
445,Customer 445,cust445@example.com,1234567895,3,2023-09-03
446,Customer 446,cust446@example.com,1234567896,5,2022-05-14
447,Customer 447,cust447@example.com,1234567897,5,2022-07-20
448,Customer 448,cust448@example.com,1234567898,3,2021-02-04
449,Customer 449,cust449@example.com,1234567899,2,2020-11-11
450,Customer 450,cust450@example.com,1234567890,3,2020-04-26
451,Customer 451,cust451@example.com,1234567891,4,2049-05-01
452,Customer 452,cust452@example.com,1234567892,5,2020-04-13
453,Customer 453,cust453@example.com,1234567893,4,2020-03-29
454,Customer 454,cust454@example.com,1234567894,1,2020-03-17
455,Customer 455,cust455@example.com,1234567895,1,2022-01-01
456,Customer 456,cust456@example.com,1234567896,1,2021-03-10
457,Customer 457,cust457@example.com,1234567897,1,2022-07-08
458,Customer 458,cust458@example.com,1234567898,2,2023-12-05
459,Customer 459,cust459@example.com,1234567899,3,2021-01-28
460,Customer 460,cust460@example.com,1234567890,5,2021-03-06
461,Customer 461,cust461@example.com,1234567891,2,2023-01-01
462,Customer 462,cust462@example.com,1234567892,4,2041-08-18
463,Customer 463,cust463@example.com,1234567893,5,2023-04-02
464,Customer 464,cust464@example.com,1234567894,4,2020-11-16
465,Customer 465,cust465@example.com,1234567895,4,2020-10-18
466,Customer 466,cust466@example.com,1234567896,2,2021-05-27
467,Customer 467,cust467@example.com,1234567897,1,2050-01-11
468,Customer 468,cust468@example.com,1234567898,1,2020-03-03
469,Customer 469,cust469@example.com,1234567899,5,2021-07-26
470,Customer 470,cust470@example.com,1234567890,5,2069-04-28
471,Customer 471,cust471@example.com,1234567891,1,2042-06-05
472,Customer 472,cust472@example.com,1234567892,2,2022-04-23
473,Customer 473,cust473@example.com,1234567893,5,2023-05-30
474,Customer 474,cust474@example.com,1234567894,3,2038-02-05
475,Customer 475,cust475@example.com,1234567895,5,2022-10-17
476,Customer 476,cust476@example.com,1234567896,5,2048-02-25
477,Customer 477,cust477@example.com,1234567897,1,2022-10-04
478,Customer 478,cust478@example.com,1234567898,2,2021-01-13
479,Customer 479,cust479@example.com,1234567899,4,2022-09-06
480,Customer 480,cust480@example.com,1234567890,2,2021-09-30
481,Customer 481,cust481@example.com,1234567891,3,2020-09-28
482,Customer 482,cust482@example.com,1234567892,1,2021-12-23
483,Customer 483,cust483@example.com,1234567893,1,2020-04-18
484,Customer 484,cust484@example.com,1234567894,3,2022-05-31
485,Customer 485,cust485@example.com,1234567895,2,2023-09-17
486,Customer 486,cust486@example.com,1234567896,1,2021-06-30
487,Customer 487,cust487@example.com,1234567897,2,2020-08-18
488,Customer 488,cust488@example.com,1234567898,5,2020-10-18
489,Customer 489,cust489@example.com,1234567899,1,2020-10-16
490,Customer 490,cust490@example.com,1234567890,5,2020-08-25
491,Customer 491,cust491@example.com,1234567891,5,2021-10-20
492,Customer 492,cust492@example.com,1234567892,3,2021-07-04
493,Customer 493,cust493@example.com,1234567893,2,2020-02-12
494,Customer 494,cust494@example.com,1234567894,4,2021-10-12
495,Customer 495,cust495@example.com,1234567895,3,2021-11-02
496,Customer 496,cust496@example.com,1234567896,4,2020-12-14
497,Customer 497,cust497@example.com,1234567897,5,2020-06-14
498,Customer 498,cust498@example.com,1234567898,5,2022-10-12
499,Customer 499,cust499@example.com,1234567899,1,2023-03-08
500,Customer 500,cust500@example.com,1234567890,2,2023-06-15
501,Customer 501,cust501@example.com,1234567891,2,2023-06-12
502,Customer 502,cust502@example.com,1234567892,2,2022-08-15
503,Customer 503,cust503@example.com,1234567893,3,2021-08-06
504,Customer 504,cust504@example.com,1234567894,4,2023-02-18
505,Customer 505,cust505@example.com,1234567895,5,2022-03-04
506,Customer 506,cust506@example.com,1234567896,1,2020-12-08
507,Customer 507,cust507@example.com,1234567897,4,2023-06-26
508,Customer 508,cust508@example.com,1234567898,1,2023-06-19
509,Customer 509,cust509@example.com,1234567899,5,2021-02-23
510,Customer 510,cust510@example.com,1234567890,5,2020-08-07
511,Customer 511,cust511@example.com,1234567891,1,2020-04-08
512,Customer 512,cust512@example.com,1234567892,1,2020-08-22
513,Customer 513,cust513@example.com,1234567893,1,2023-10-22
514,Customer 514,cust514@example.com,1234567894,3,2021-08-10
515,Customer 515,cust515@example.com,1234567895,4,2021-11-25
516,Customer 516,cust516@example.com,1234567896,1,2023-10-01
517,Customer 517,cust517@example.com,1234567897,1,2020-10-23
518,Customer 518,cust518@example.com,1234567898,1,2023-11-14
519,Customer 519,cust519@example.com,1234567899,4,2020-11-14
520,Customer 520,cust520@example.com,1234567890,3,2021-05-20
521,Customer 521,cust521@example.com,1234567891,1,2020-09-25
522,Customer 522,cust522@example.com,1234567892,4,2023-12-10
523,Customer 523,cust523@example.com,1234567893,4,2020-04-03
524,Customer 524,cust524@example.com,1234567894,5,2022-10-17
525,Customer 525,cust525@example.com,1234567895,1,2020-11-07
526,Customer 526,cust526@example.com,1234567896,4,2021-07-14
527,Customer 527,cust527@example.com,1234567897,4,2023-09-19
528,Customer 528,cust528@example.com,1234567898,4,2020-06-07
529,Customer 529,cust529@example.com,1234567899,4,2020-11-10
530,Customer 530,cust530@example.com,1234567890,2,2023-06-03
531,Customer 531,cust531@example.com,1234567891,4,2020-07-23
532,Customer 532,cust532@example.com,1234567892,3,2021-08-30
533,Customer 533,cust533@example.com,1234567893,4,2020-04-24
534,Customer 534,cust534@example.com,1234567894,2,2021-09-21
535,Customer 535,cust535@example.com,1234567895,1,2020-10-06
536,Customer 536,cust536@example.com,1234567896,5,2022-02-11
537,Customer 537,cust537@example.com,1234567897,4,2021-09-02
538,Customer 538,cust538@example.com,1234567898,1,2022-03-03
539,Customer 539,cust539@example.com,1234567899,4,2044-08-23
540,Customer 540,cust540@example.com,1234567890,3,2023-03-16
541,Customer 541,cust541@example.com,1234567891,4,2021-06-19
542,Customer 542,cust542@example.com,1234567892,3,2021-11-02
543,Customer 543,cust543@example.com,1234567893,1,2074-06-03
544,Customer 544,cust544@example.com,1234567894,1,2022-10-23
545,Customer 545,cust545@example.com,1234567895,3,2023-04-06
546,Customer 546,cust546@example.com,1234567896,3,2020-02-24
547,Customer 547,cust547@example.com,1234567897,2,2021-08-11
548,Customer 548,cust548@example.com,1234567898,1,2020-03-02
549,Customer 549,cust549@example.com,1234567899,2,2022-09-05
550,Customer 550,cust550@example.com,1234567890,5,2021-06-20
551,Customer 551,cust551@example.com,1234567891,5,2021-02-06
552,Customer 552,cust552@example.com,1234567892,5,2022-05-19
553,Customer 553,cust553@example.com,1234567893,5,2021-03-23
554,Customer 554,cust554@example.com,1234567894,3,2020-03-17
555,Customer 555,cust555@example.com,1234567895,5,2023-11-30
556,Customer 556,cust556@example.com,1234567896,5,2022-02-15
557,Customer 557,cust557@example.com,1234567897,5,2022-11-13
558,Customer 558,cust558@example.com,1234567898,3,2020-06-09
559,Customer 559,cust559@example.com,1234567899,1,2021-11-22
560,Customer 560,cust560@example.com,1234567890,3,2023-06-02
561,Customer 561,cust561@example.com,1234567891,1,2020-05-16
562,Customer 562,cust562@example.com,1234567892,2,2034-02-05
563,Customer 563,cust563@example.com,1234567893,4,2020-09-27
564,Customer 564,cust564@example.com,1234567894,5,2022-06-15
565,Customer 565,cust565@example.com,1234567895,1,2022-11-30
566,Customer 566,cust566@example.com,1234567896,5,2022-09-15
567,Customer 567,cust567@example.com,1234567897,5,2067-05-28
568,Customer 568,cust568@example.com,1234567898,2,2023-03-19
569,Customer 569,cust569@example.com,1234567899,5,2021-07-07
570,Customer 570,cust570@example.com,1234567890,5,2021-07-24
571,Customer 571,cust571@example.com,1234567891,2,2022-01-23
572,Customer 572,cust572@example.com,1234567892,4,2020-05-10
573,Customer 573,cust573@example.com,1234567893,5,2022-12-16
574,Customer 574,cust574@example.com,1234567894,3,2021-12-30
575,Customer 575,cust575@example.com,1234567895,1,2021-07-04
576,Customer 576,cust576@example.com,1234567896,5,2023-09-01
577,Customer 577,cust577@example.com,1234567897,1,2021-05-01
578,Customer 578,cust578@example.com,1234567898,5,2020-08-21
579,Customer 579,cust579@example.com,1234567899,1,2023-01-14
580,Customer 580,cust580@example.com,1234567890,1,2082-07-16
581,Customer 581,cust581@example.com,1234567891,4,2020-09-07
582,Customer 582,cust582@example.com,1234567892,2,2086-05-03
583,Customer 583,cust583@example.com,1234567893,5,2022-06-03
584,Customer 584,cust584@example.com,1234567894,1,2022-12-07
585,Customer 585,cust585@example.com,1234567895,1,2023-09-10
586,Customer 586,cust586@example.com,1234567896,5,2020-12-06
587,Customer 587,cust587@example.com,1234567897,1,2022-10-07
588,Customer 588,cust588@example.com,1234567898,2,2023-01-10
589,Customer 589,cust589@example.com,1234567899,4,2022-10-09
590,Customer 590,cust590@example.com,1234567890,5,2022-07-10
591,Customer 591,cust591@example.com,1234567891,5,2098-09-03
592,Customer 592,cust592@example.com,1234567892,1,2023-11-06
593,Customer 593,cust593@example.com,1234567893,5,2022-01-03
594,Customer 594,cust594@example.com,1234567894,5,2022-05-22
595,Customer 595,cust595@example.com,1234567895,1,2022-03-17
596,Customer 596,cust596@example.com,1234567896,1,2021-05-27
597,Customer 597,cust597@example.com,1234567897,4,2021-12-02
598,Customer 598,cust598@example.com,1234567898,1,2023-03-26
599,Customer 599,cust599@example.com,1234567899,3,2020-11-11
600,Customer 600,cust600@example.com,1234567890,3,2020-10-24
601,Customer 601,cust601@example.com,1234567891,2,2021-02-05
602,Customer 602,cust602@example.com,1234567892,1,2020-07-19
603,Customer 603,cust603@example.com,1234567893,2,2023-04-03
604,Customer 604,cust604@example.com,1234567894,5,2021-05-06
605,Customer 605,cust605@example.com,1234567895,4,2020-06-29
606,Customer 606,cust606@example.com,1234567896,5,2021-01-26
607,Customer 607,cust607@example.com,1234567897,5,2020-01-07
608,Customer 608,cust608@example.com,1234567898,1,2022-07-30
609,Customer 609,cust609@example.com,1234567899,5,2021-06-27
610,Customer 610,cust610@example.com,1234567890,4,2083-04-24
611,Customer 611,cust611@example.com,1234567891,3,2022-12-02
612,Customer 612,cust612@example.com,1234567892,5,2023-09-22
613,Customer 613,cust613@example.com,1234567893,3,2020-01-25
614,Customer 614,cust614@example.com,1234567894,1,2095-04-22
615,Customer 615,cust615@example.com,1234567895,2,2021-11-30
616,Customer 616,cust616@example.com,1234567896,2,2093-00-19
617,Customer 617,cust617@example.com,1234567897,1,2022-06-03
618,Customer 618,cust618@example.com,1234567898,3,2021-03-09
619,Customer 619,cust619@example.com,1234567899,5,2023-10-10
620,Customer 620,cust620@example.com,1234567890,4,2023-10-30
621,Customer 621,cust621@example.com,1234567891,5,2035-08-18
622,Customer 622,cust622@example.com,1234567892,1,2021-06-30
623,Customer 623,cust623@example.com,1234567893,4,2022-07-09
624,Customer 624,cust624@example.com,1234567894,5,2022-08-19
625,Customer 625,cust625@example.com,1234567895,5,2022-04-24
626,Customer 626,cust626@example.com,1234567896,2,2022-11-19
627,Customer 627,cust627@example.com,1234567897,5,2021-03-18
628,Customer 628,cust628@example.com,1234567898,3,2022-08-03
629,Customer 629,cust629@example.com,1234567899,2,2098-03-14
630,Customer 630,cust630@example.com,1234567890,5,2023-08-11
631,Customer 631,cust631@example.com,1234567891,1,2023-10-17
632,Customer 632,cust632@example.com,1234567892,3,2020-02-02
633,Customer 633,cust633@example.com,1234567893,3,2020-11-24
634,Customer 634,cust634@example.com,1234567894,3,2020-09-13
635,Customer 635,cust635@example.com,1234567895,1,2020-09-13
636,Customer 636,cust636@example.com,1234567896,1,2020-04-14
637,Customer 637,cust637@example.com,1234567897,4,2023-07-24
638,Customer 638,cust638@example.com,1234567898,5,2021-07-11
639,Customer 639,cust639@example.com,1234567899,4,2022-11-26
640,Customer 640,cust640@example.com,1234567890,3,2021-07-29
641,Customer 641,cust641@example.com,1234567891,1,2020-09-29
642,Customer 642,cust642@example.com,1234567892,5,2020-01-19
643,Customer 643,cust643@example.com,1234567893,4,2022-08-03
644,Customer 644,cust644@example.com,1234567894,3,2023-04-25
645,Customer 645,cust645@example.com,1234567895,2,2023-08-16
646,Customer 646,cust646@example.com,1234567896,3,2022-03-01
647,Customer 647,cust647@example.com,1234567897,5,2020-01-27
648,Customer 648,cust648@example.com,1234567898,5,2021-06-03
649,Customer 649,cust649@example.com,1234567899,2,2023-12-31
650,Customer 650,cust650@example.com,1234567890,2,2022-05-06
651,Customer 651,cust651@example.com,1234567891,1,2023-07-23
652,Customer 652,cust652@example.com,1234567892,1,2082-09-14
653,Customer 653,cust653@example.com,1234567893,2,2020-12-10
654,Customer 654,cust654@example.com,1234567894,5,2023-09-23
655,Customer 655,cust655@example.com,1234567895,3,2020-12-27
656,Customer 656,cust656@example.com,1234567896,3,2022-09-20
657,Customer 657,cust657@example.com,1234567897,3,2021-04-21
658,Customer 658,cust658@example.com,1234567898,5,2021-01-13
659,Customer 659,cust659@example.com,1234567899,1,2023-09-15
660,Customer 660,cust660@example.com,1234567890,4,2023-09-23
661,Customer 661,cust661@example.com,1234567891,5,2082-00-01
662,Customer 662,cust662@example.com,1234567892,3,2063-05-18
663,Customer 663,cust663@example.com,1234567893,2,2022-03-28
664,Customer 664,cust664@example.com,1234567894,1,2022-06-05
665,Customer 665,cust665@example.com,1234567895,1,2023-06-02
666,Customer 666,cust666@example.com,1234567896,2,2020-06-27
667,Customer 667,cust667@example.com,1234567897,3,2021-04-13
668,Customer 668,cust668@example.com,1234567898,1,2021-06-18
669,Customer 669,cust669@example.com,1234567899,4,2022-07-05
670,Customer 670,cust670@example.com,1234567890,5,2020-01-02
671,Customer 671,cust671@example.com,1234567891,4,2053-02-15
672,Customer 672,cust672@example.com,1234567892,2,2021-04-13
673,Customer 673,cust673@example.com,1234567893,1,2020-04-20
674,Customer 674,cust674@example.com,1234567894,3,2021-08-24
675,Customer 675,cust675@example.com,1234567895,1,2020-07-09
676,Customer 676,cust676@example.com,1234567896,4,2022-09-08
677,Customer 677,cust677@example.com,1234567897,5,2069-05-17
678,Customer 678,cust678@example.com,1234567898,3,2023-04-15
679,Customer 679,cust679@example.com,1234567899,4,2020-12-29
680,Customer 680,cust680@example.com,1234567890,4,2022-04-03
681,Customer 681,cust681@example.com,1234567891,3,2020-07-20
682,Customer 682,cust682@example.com,1234567892,4,2022-05-15
683,Customer 683,cust683@example.com,1234567893,2,2020-04-14
684,Customer 684,cust684@example.com,1234567894,3,2022-10-16
685,Customer 685,cust685@example.com,1234567895,5,2023-07-21
686,Customer 686,cust686@example.com,1234567896,3,2022-10-28
687,Customer 687,cust687@example.com,1234567897,2,2059-01-22
688,Customer 688,cust688@example.com,1234567898,3,2021-10-19
689,Customer 689,cust689@example.com,1234567899,2,2021-06-20
690,Customer 690,cust690@example.com,1234567890,3,2021-06-05
691,Customer 691,cust691@example.com,1234567891,5,2020-06-19
692,Customer 692,cust692@example.com,1234567892,1,2020-11-26
693,Customer 693,cust693@example.com,1234567893,5,2020-08-13
694,Customer 694,cust694@example.com,1234567894,3,2020-05-01
695,Customer 695,cust695@example.com,1234567895,4,2021-04-27
696,Customer 696,cust696@example.com,1234567896,4,2022-01-19
697,Customer 697,cust697@example.com,1234567897,3,2020-07-03
698,Customer 698,cust698@example.com,1234567898,5,2022-04-23
699,Customer 699,cust699@example.com,1234567899,1,2022-07-08
700,Customer 700,cust700@example.com,1234567890,2,2098-06-21
701,Customer 701,cust701@example.com,1234567891,3,2041-01-16
702,Customer 702,cust702@example.com,1234567892,5,2020-08-31
703,Customer 703,cust703@example.com,1234567893,5,2020-09-11
704,Customer 704,cust704@example.com,1234567894,3,2023-11-01
705,Customer 705,cust705@example.com,1234567895,2,2020-05-19
706,Customer 706,cust706@example.com,1234567896,5,2023-09-13
707,Customer 707,cust707@example.com,1234567897,5,2020-01-26
708,Customer 708,cust708@example.com,1234567898,3,2020-06-27
709,Customer 709,cust709@example.com,1234567899,1,2099-00-08
710,Customer 710,cust710@example.com,1234567890,4,2020-05-17
711,Customer 711,cust711@example.com,1234567891,5,2020-08-14
712,Customer 712,cust712@example.com,1234567892,3,2022-05-10
713,Customer 713,cust713@example.com,1234567893,3,2020-07-04
714,Customer 714,cust714@example.com,1234567894,2,2022-05-04
715,Customer 715,cust715@example.com,1234567895,5,2020-04-21
716,Customer 716,cust716@example.com,1234567896,5,2021-04-06
717,Customer 717,cust717@example.com,1234567897,2,2022-01-08
718,Customer 718,cust718@example.com,1234567898,1,2020-09-08
719,Customer 719,cust719@example.com,1234567899,5,2021-07-16
720,Customer 720,cust720@example.com,1234567890,4,2020-08-20
721,Customer 721,cust721@example.com,1234567891,5,2046-06-25
722,Customer 722,cust722@example.com,1234567892,4,2021-06-26
723,Customer 723,cust723@example.com,1234567893,2,2021-12-22
724,Customer 724,cust724@example.com,1234567894,3,2021-07-25
725,Customer 725,cust725@example.com,1234567895,3,2046-04-13
726,Customer 726,cust726@example.com,1234567896,1,2022-08-03
727,Customer 727,cust727@example.com,1234567897,3,2022-06-08
728,Customer 728,cust728@example.com,1234567898,2,2022-10-14
729,Customer 729,cust729@example.com,1234567899,1,2094-06-25
730,Customer 730,cust730@example.com,1234567890,2,2022-10-06
731,Customer 731,cust731@example.com,1234567891,2,2021-04-27
732,Customer 732,cust732@example.com,1234567892,2,2020-06-28
733,Customer 733,cust733@example.com,1234567893,3,2022-07-14
734,Customer 734,cust734@example.com,1234567894,5,2020-11-24
735,Customer 735,cust735@example.com,1234567895,4,2085-10-22
736,Customer 736,cust736@example.com,1234567896,4,2020-02-28
737,Customer 737,cust737@example.com,1234567897,5,2023-09-04
738,Customer 738,cust738@example.com,1234567898,5,2022-03-31
739,Customer 739,cust739@example.com,1234567899,3,2020-06-22
740,Customer 740,cust740@example.com,1234567890,3,2021-09-03
741,Customer 741,cust741@example.com,1234567891,5,2021-08-30
742,Customer 742,cust742@example.com,1234567892,1,2061-07-06
743,Customer 743,cust743@example.com,1234567893,3,2023-05-06
744,Customer 744,cust744@example.com,1234567894,1,2023-10-01
745,Customer 745,cust745@example.com,1234567895,1,2023-09-08
746,Customer 746,cust746@example.com,1234567896,2,2023-02-01
747,Customer 747,cust747@example.com,1234567897,5,2023-08-26
748,Customer 748,cust748@example.com,1234567898,5,2059-09-23
749,Customer 749,cust749@example.com,1234567899,1,2023-07-31
750,Customer 750,cust750@example.com,1234567890,3,2020-08-05
751,Customer 751,cust751@example.com,1234567891,2,2055-01-16
752,Customer 752,cust752@example.com,1234567892,1,2023-08-30
753,Customer 753,cust753@example.com,1234567893,1,2021-11-29
754,Customer 754,cust754@example.com,1234567894,3,2023-09-15
755,Customer 755,cust755@example.com,1234567895,2,2020-01-31
756,Customer 756,cust756@example.com,1234567896,3,2023-06-29
757,Customer 757,cust757@example.com,1234567897,4,2022-02-28
758,Customer 758,cust758@example.com,1234567898,1,2022-08-15
759,Customer 759,cust759@example.com,1234567899,2,2021-10-25
760,Customer 760,cust760@example.com,1234567890,2,2093-07-18
761,Customer 761,cust761@example.com,1234567891,5,2023-05-03
762,Customer 762,cust762@example.com,1234567892,3,2022-02-20
763,Customer 763,cust763@example.com,1234567893,4,2020-12-10
764,Customer 764,cust764@example.com,1234567894,3,2021-11-02
765,Customer 765,cust765@example.com,1234567895,2,2020-12-25
766,Customer 766,cust766@example.com,1234567896,4,2022-12-07
767,Customer 767,cust767@example.com,1234567897,5,2021-10-02
768,Customer 768,cust768@example.com,1234567898,4,2022-06-06
769,Customer 769,cust769@example.com,1234567899,3,2022-08-22
770,Customer 770,cust770@example.com,1234567890,2,2022-01-16
771,Customer 771,cust771@example.com,1234567891,2,2022-04-27
772,Customer 772,cust772@example.com,1234567892,5,2022-05-19
773,Customer 773,cust773@example.com,1234567893,2,2022-06-09
774,Customer 774,cust774@example.com,1234567894,1,2023-09-26
775,Customer 775,cust775@example.com,1234567895,3,2020-07-10
776,Customer 776,cust776@example.com,1234567896,3,2022-03-24
777,Customer 777,cust777@example.com,1234567897,5,2079-10-17
778,Customer 778,cust778@example.com,1234567898,5,2020-11-23
779,Customer 779,cust779@example.com,1234567899,3,2022-09-07
780,Customer 780,cust780@example.com,1234567890,1,2043-02-12
781,Customer 781,cust781@example.com,1234567891,3,2021-05-31
782,Customer 782,cust782@example.com,1234567892,3,2021-12-07
783,Customer 783,cust783@example.com,1234567893,3,2020-03-08
784,Customer 784,cust784@example.com,1234567894,5,2021-02-17
785,Customer 785,cust785@example.com,1234567895,5,2022-11-07
786,Customer 786,cust786@example.com,1234567896,5,2023-11-27
787,Customer 787,cust787@example.com,1234567897,1,2023-11-28
788,Customer 788,cust788@example.com,1234567898,4,2023-04-04
789,Customer 789,cust789@example.com,1234567899,5,2023-03-05
790,Customer 790,cust790@example.com,1234567890,5,2022-02-15
791,Customer 791,cust791@example.com,1234567891,5,2023-05-29
792,Customer 792,cust792@example.com,1234567892,1,2021-03-13
793,Customer 793,cust793@example.com,1234567893,4,2020-10-26
794,Customer 794,cust794@example.com,1234567894,1,2023-04-16
795,Customer 795,cust795@example.com,1234567895,5,2021-12-26
796,Customer 796,cust796@example.com,1234567896,3,2020-06-04
797,Customer 797,cust797@example.com,1234567897,5,2020-06-30
798,Customer 798,cust798@example.com,1234567898,1,2023-05-04
799,Customer 799,cust799@example.com,1234567899,1,2021-08-26
800,Customer 800,cust800@example.com,1234567890,5,2020-04-12
801,Customer 801,cust801@example.com,1234567891,1,2020-06-30
802,Customer 802,cust802@example.com,1234567892,1,2022-08-27
803,Customer 803,cust803@example.com,1234567893,3,2021-01-30
804,Customer 804,cust804@example.com,1234567894,1,2020-02-16
805,Customer 805,cust805@example.com,1234567895,3,2023-08-25
806,Customer 806,cust806@example.com,1234567896,3,2049-02-04
807,Customer 807,cust807@example.com,1234567897,5,2022-03-04
808,Customer 808,cust808@example.com,1234567898,3,2022-12-05
809,Customer 809,cust809@example.com,1234567899,4,2020-06-15
810,Customer 810,cust810@example.com,1234567890,2,2021-02-04
811,Customer 811,cust811@example.com,1234567891,4,2092-08-27
812,Customer 812,cust812@example.com,1234567892,5,2023-01-03
813,Customer 813,cust813@example.com,1234567893,1,2023-12-29
814,Customer 814,cust814@example.com,1234567894,2,2020-01-08
815,Customer 815,cust815@example.com,1234567895,1,2020-09-25
816,Customer 816,cust816@example.com,1234567896,3,2022-11-25
817,Customer 817,cust817@example.com,1234567897,4,2022-05-28
818,Customer 818,cust818@example.com,1234567898,1,2021-10-18
819,Customer 819,cust819@example.com,1234567899,2,2023-02-03
820,Customer 820,cust820@example.com,1234567890,4,2020-12-13
821,Customer 821,cust821@example.com,1234567891,3,2046-10-28
822,Customer 822,cust822@example.com,1234567892,3,2021-10-22
823,Customer 823,cust823@example.com,1234567893,1,2021-09-01
824,Customer 824,cust824@example.com,1234567894,4,2023-06-09
825,Customer 825,cust825@example.com,1234567895,2,2020-08-10
826,Customer 826,cust826@example.com,1234567896,5,2033-02-28
827,Customer 827,cust827@example.com,1234567897,1,2023-07-13
828,Customer 828,cust828@example.com,1234567898,2,2020-10-01
829,Customer 829,cust829@example.com,1234567899,4,2020-08-27
830,Customer 830,cust830@example.com,1234567890,3,2022-08-14
831,Customer 831,cust831@example.com,1234567891,4,2021-02-26
832,Customer 832,cust832@example.com,1234567892,4,2023-03-09
833,Customer 833,cust833@example.com,1234567893,5,2021-03-16
834,Customer 834,cust834@example.com,1234567894,2,2021-12-17
835,Customer 835,cust835@example.com,1234567895,3,2023-08-26
836,Customer 836,cust836@example.com,1234567896,3,2020-03-16
837,Customer 837,cust837@example.com,1234567897,3,2023-04-20
838,Customer 838,cust838@example.com,1234567898,1,2020-12-09
839,Customer 839,cust839@example.com,1234567899,1,2023-04-16
840,Customer 840,cust840@example.com,1234567890,1,2022-08-05
841,Customer 841,cust841@example.com,1234567891,1,2023-01-13
842,Customer 842,cust842@example.com,1234567892,1,2022-01-08
843,Customer 843,cust843@example.com,1234567893,2,2020-03-21
844,Customer 844,cust844@example.com,1234567894,3,2020-06-14
845,Customer 845,cust845@example.com,1234567895,1,2023-12-07
846,Customer 846,cust846@example.com,1234567896,1,2020-12-31
847,Customer 847,cust847@example.com,1234567897,4,2023-05-03
848,Customer 848,cust848@example.com,1234567898,5,2022-03-04
849,Customer 849,cust849@example.com,1234567899,2,2023-02-27
850,Customer 850,cust850@example.com,1234567890,2,2022-04-29
851,Customer 851,cust851@example.com,1234567891,3,2022-06-01
852,Customer 852,cust852@example.com,1234567892,3,2023-09-09
853,Customer 853,cust853@example.com,1234567893,1,2022-05-23
854,Customer 854,cust854@example.com,1234567894,3,2021-06-09
855,Customer 855,cust855@example.com,1234567895,3,2020-01-10
856,Customer 856,cust856@example.com,1234567896,2,2020-04-13
857,Customer 857,cust857@example.com,1234567897,2,2023-02-28
858,Customer 858,cust858@example.com,1234567898,5,2091-01-27
859,Customer 859,cust859@example.com,1234567899,4,2039-02-25
860,Customer 860,cust860@example.com,1234567890,1,2020-05-18
861,Customer 861,cust861@example.com,1234567891,3,2021-10-13
862,Customer 862,cust862@example.com,1234567892,1,2022-02-16
863,Customer 863,cust863@example.com,1234567893,4,2023-04-29
864,Customer 864,cust864@example.com,1234567894,3,2063-03-18
865,Customer 865,cust865@example.com,1234567895,5,2022-08-19
866,Customer 866,cust866@example.com,1234567896,5,2021-09-16
867,Customer 867,cust867@example.com,1234567897,4,2021-12-11
868,Customer 868,cust868@example.com,1234567898,3,2022-05-12
869,Customer 869,cust869@example.com,1234567899,5,2020-08-10
870,Customer 870,cust870@example.com,1234567890,2,2037-01-16
871,Customer 871,cust871@example.com,1234567891,4,2040-03-04
872,Customer 872,cust872@example.com,1234567892,2,2020-03-27
873,Customer 873,cust873@example.com,1234567893,3,2023-03-15
874,Customer 874,cust874@example.com,1234567894,3,2021-08-04
875,Customer 875,cust875@example.com,1234567895,2,2023-01-20
876,Customer 876,cust876@example.com,1234567896,4,2021-09-16
877,Customer 877,cust877@example.com,1234567897,2,2021-07-28
878,Customer 878,cust878@example.com,1234567898,1,2021-01-08
879,Customer 879,cust879@example.com,1234567899,3,2020-07-15
880,Customer 880,cust880@example.com,1234567890,4,2023-12-27
881,Customer 881,cust881@example.com,1234567891,3,2023-12-16
882,Customer 882,cust882@example.com,1234567892,2,2045-04-11
883,Customer 883,cust883@example.com,1234567893,2,2023-11-21
884,Customer 884,cust884@example.com,1234567894,3,2022-11-03
885,Customer 885,cust885@example.com,1234567895,3,2021-02-05
886,Customer 886,cust886@example.com,1234567896,2,2023-05-13
887,Customer 887,cust887@example.com,1234567897,3,2022-07-31
888,Customer 888,cust888@example.com,1234567898,1,2020-12-17
889,Customer 889,cust889@example.com,1234567899,2,2021-07-03
890,Customer 890,cust890@example.com,1234567890,4,2020-04-25
891,Customer 891,cust891@example.com,1234567891,5,2023-09-14
892,Customer 892,cust892@example.com,1234567892,4,2021-08-22
893,Customer 893,cust893@example.com,1234567893,5,2020-06-01
894,Customer 894,cust894@example.com,1234567894,3,2020-10-25
895,Customer 895,cust895@example.com,1234567895,3,2023-09-18
896,Customer 896,cust896@example.com,1234567896,5,2022-11-25
897,Customer 897,cust897@example.com,1234567897,5,2022-07-01
898,Customer 898,cust898@example.com,1234567898,4,2023-03-12
899,Customer 899,cust899@example.com,1234567899,5,2022-12-12
900,Customer 900,cust900@example.com,1234567890,3,2036-04-27
901,Customer 901,cust901@example.com,1234567891,4,2064-10-22
902,Customer 902,cust902@example.com,1234567892,5,2021-05-24
903,Customer 903,cust903@example.com,1234567893,2,2021-01-14
904,Customer 904,cust904@example.com,1234567894,2,2023-02-22
905,Customer 905,cust905@example.com,1234567895,4,2023-09-15
906,Customer 906,cust906@example.com,1234567896,2,2023-01-21
907,Customer 907,cust907@example.com,1234567897,4,2022-10-12
908,Customer 908,cust908@example.com,1234567898,4,2021-03-16
909,Customer 909,cust909@example.com,1234567899,5,2022-08-07
910,Customer 910,cust910@example.com,1234567890,4,2023-12-21
911,Customer 911,cust911@example.com,1234567891,4,2038-00-11
912,Customer 912,cust912@example.com,1234567892,2,2023-10-12
913,Customer 913,cust913@example.com,1234567893,3,2022-05-10
914,Customer 914,cust914@example.com,1234567894,2,2022-10-21
915,Customer 915,cust915@example.com,1234567895,3,2021-05-08
916,Customer 916,cust916@example.com,1234567896,5,2022-03-11
917,Customer 917,cust917@example.com,1234567897,4,2023-07-28
918,Customer 918,cust918@example.com,1234567898,3,2023-05-07
919,Customer 919,cust919@example.com,1234567899,2,2020-07-11
920,Customer 920,cust920@example.com,1234567890,2,2023-02-04
921,Customer 921,cust921@example.com,1234567891,2,2020-02-27
922,Customer 922,cust922@example.com,1234567892,2,2022-06-03
923,Customer 923,cust923@example.com,1234567893,2,2023-06-18
924,Customer 924,cust924@example.com,1234567894,2,2023-01-20
925,Customer 925,cust925@example.com,1234567895,3,2020-07-20
926,Customer 926,cust926@example.com,1234567896,5,2023-07-23
927,Customer 927,cust927@example.com,1234567897,4,2023-03-27
928,Customer 928,cust928@example.com,1234567898,3,2020-04-05
929,Customer 929,cust929@example.com,1234567899,5,2020-06-02
930,Customer 930,cust930@example.com,1234567890,4,2023-11-26
931,Customer 931,cust931@example.com,1234567891,2,2055-01-06
932,Customer 932,cust932@example.com,1234567892,5,2023-02-28
933,Customer 933,cust933@example.com,1234567893,4,2020-08-28
934,Customer 934,cust934@example.com,1234567894,2,2023-11-23
935,Customer 935,cust935@example.com,1234567895,2,2020-11-21
936,Customer 936,cust936@example.com,1234567896,4,2023-06-15
937,Customer 937,cust937@example.com,1234567897,4,2021-03-03
938,Customer 938,cust938@example.com,1234567898,3,2020-02-06
939,Customer 939,cust939@example.com,1234567899,5,2020-06-16
940,Customer 940,cust940@example.com,1234567890,5,2021-02-18
941,Customer 941,cust941@example.com,1234567891,5,2065-02-24
942,Customer 942,cust942@example.com,1234567892,4,2022-01-21
943,Customer 943,cust943@example.com,1234567893,2,2020-03-25
944,Customer 944,cust944@example.com,1234567894,2,2022-05-12
945,Customer 945,cust945@example.com,1234567895,5,2020-02-02
946,Customer 946,cust946@example.com,1234567896,4,2038-08-07
947,Customer 947,cust947@example.com,1234567897,2,2023-07-27
948,Customer 948,cust948@example.com,1234567898,5,2023-07-18
949,Customer 949,cust949@example.com,1234567899,3,2023-05-19
950,Customer 950,cust950@example.com,1234567890,4,2021-07-01
951,Customer 951,cust951@example.com,1234567891,5,2022-02-14
952,Customer 952,cust952@example.com,1234567892,1,2051-07-19
953,Customer 953,cust953@example.com,1234567893,5,2023-09-03
954,Customer 954,cust954@example.com,1234567894,1,2023-11-02
955,Customer 955,cust955@example.com,1234567895,3,2021-10-05
956,Customer 956,cust956@example.com,1234567896,4,2020-06-19
957,Customer 957,cust957@example.com,1234567897,4,2075-01-03
958,Customer 958,cust958@example.com,1234567898,4,2021-05-26
959,Customer 959,cust959@example.com,1234567899,3,2022-05-12
960,Customer 960,cust960@example.com,1234567890,5,2022-10-23
961,Customer 961,cust961@example.com,1234567891,5,2020-03-29
962,Customer 962,cust962@example.com,1234567892,5,2021-12-17
963,Customer 963,cust963@example.com,1234567893,2,2021-11-13
964,Customer 964,cust964@example.com,1234567894,5,2023-04-16
965,Customer 965,cust965@example.com,1234567895,3,2023-11-14
966,Customer 966,cust966@example.com,1234567896,3,2022-03-24
967,Customer 967,cust967@example.com,1234567897,4,2021-09-18
968,Customer 968,cust968@example.com,1234567898,2,2082-04-27
969,Customer 969,cust969@example.com,1234567899,4,2020-02-18
970,Customer 970,cust970@example.com,1234567890,1,2020-09-23
971,Customer 971,cust971@example.com,1234567891,1,2022-05-01
972,Customer 972,cust972@example.com,1234567892,3,2022-02-01
973,Customer 973,cust973@example.com,1234567893,5,2022-01-02
974,Customer 974,cust974@example.com,1234567894,1,2021-06-12
975,Customer 975,cust975@example.com,1234567895,3,2022-08-24
976,Customer 976,cust976@example.com,1234567896,3,2021-08-18
977,Customer 977,cust977@example.com,1234567897,4,2022-11-30
978,Customer 978,cust978@example.com,1234567898,5,2046-00-17
979,Customer 979,cust979@example.com,1234567899,5,2022-04-28
980,Customer 980,cust980@example.com,1234567890,4,2023-09-15
981,Customer 981,cust981@example.com,1234567891,3,2020-12-05
982,Customer 982,cust982@example.com,1234567892,1,2022-02-04
983,Customer 983,cust983@example.com,1234567893,3,2072-00-18
984,Customer 984,cust984@example.com,1234567894,2,2022-07-07
985,Customer 985,cust985@example.com,1234567895,5,2020-04-29
986,Customer 986,cust986@example.com,1234567896,1,2020-04-22
987,Customer 987,cust987@example.com,1234567897,3,2020-03-22
988,Customer 988,cust988@example.com,1234567898,5,2021-06-29
989,Customer 989,cust989@example.com,1234567899,1,2023-10-27
990,Customer 990,cust990@example.com,1234567890,3,2022-11-07
991,Customer 991,cust991@example.com,1234567891,3,2021-03-17
992,Customer 992,cust992@example.com,1234567892,4,2049-08-15
993,Customer 993,cust993@example.com,1234567893,4,2020-08-28
994,Customer 994,cust994@example.com,1234567894,2,2023-07-20
995,Customer 995,cust995@example.com,1234567895,4,2022-01-08
996,Customer 996,cust996@example.com,1234567896,2,2023-02-03
997,Customer 997,cust997@example.com,1234567897,1,2020-02-28
998,Customer 998,cust998@example.com,1234567898,2,2069-05-13
999,Customer 999,cust999@example.com,1234567899,2,2020-08-18
1000,Customer 1000,cust1000@example.com,1234567890,2,2020-12-01
