rule_id,product_id,discount_type,value,valid_from,valid_to
1,256,fixed,164.38,2090-06-23,2021-06-12
2,158,fixed,291.57,2057-01-12,2021-01-15
3,275,fixed,455.19,2023-08-23,2022-03-01
4,413,percentage,414.98,2023-02-19,2021-09-22
5,407,percentage,340.14,2021-08-22,2023-07-12
6,103,fixed,288.16,2022-05-06,2084-08-17
7,464,fixed,105.14,2020-07-06,2022-02-26
8,416,percentage,490.35,2054-01-22,2023-01-02
9,282,percentage,141.2,2020-03-12,2021-01-16
10,60,percentage,455.27,2021-10-25,2020-02-01
11,184,percentage,312.26,2021-09-17,2020-04-20
12,247,fixed,N/A,2022-10-17,2022-10-03
13,181,fixed,315.78,2023-08-15,2021-12-07
14,225,percentage,39.7,2022-05-23,2023-10-02
15,168,fixed,295.15,2021-08-09,2021-01-21
16,222,fixed,408.69,2022-01-25,2022-11-27
17,22,fixed,477.83,2021-08-23,2022-05-02
18,34,fixed,63.8,2023-01-26,2086-08-05
19,211,percentage,469.88,2023-11-15,2061-01-10
20,55,fixed,313.02,2079-04-22,2023-07-06
21,178,fixed,140.54,2021-02-25,2050-08-08
22,258,fixed,N/A,2043-02-27,2023-10-04
23,209,fixed,332.65,2076-06-14,2023-04-10
24,202,fixed,140.56,2022-03-19,2020-10-01
25,360,percentage,N/A,2021-09-23,2020-02-08
26,481,fixed,199.07,2083-06-03,2044-02-26
27,36,percentage,47.76,2023-06-12,2023-11-04
28,243,percentage,287.13,2023-04-03,2023-11-08
29,392,fixed,232.69,2020-05-30,2020-01-07
30,371,fixed,220.83,2020-04-24,2022-10-07
31,444,fixed,152.11,2023-05-30,2021-11-09
32,399,fixed,290.83,2020-10-16,2022-12-27
33,414,fixed,49.13,2022-01-26,2022-12-31
34,292,percentage,23.66,2098-10-02,2022-01-17
35,169,percentage,245.02,2020-05-08,2023-12-02
36,371,fixed,139.47,2021-06-28,2023-04-10
37,463,fixed,41.8,2094-04-13,2046-08-26
38,226,percentage,162.36,2023-09-19,2023-10-01
39,383,fixed,469.17,2022-07-02,2023-03-24
40,487,fixed,102.2,2023-10-21,2023-09-27
41,63,percentage,347.68,2023-12-12,2023-08-20
42,94,fixed,N/A,2077-03-03,2022-11-03
43,127,fixed,72.39,2021-03-14,2020-05-03
44,432,fixed,361.09,2097-10-27,2020-05-05
45,278,percentage,203.94,2021-12-23,2022-12-06
46,350,percentage,441.02,2022-05-08,2022-10-03
47,60,fixed,132.6,2021-10-07,2021-10-13
48,380,percentage,373.33,2022-10-15,2023-10-12
49,223,fixed,140.38,2020-11-22,2020-01-11
50,129,fixed,23.56,2020-05-13,2023-07-23
51,227,percentage,339.87,2020-03-31,2020-06-04
52,153,fixed,351.01,2023-02-26,2077-05-05
53,459,fixed,42.62,2021-07-15,2066-03-09
54,142,fixed,267.74,2022-03-05,2022-03-24
55,78,percentage,317.71,2022-02-11,2020-01-26
56,250,percentage,173.82,2023-04-09,2021-09-05
57,466,fixed,421.4,2020-10-09,2023-11-11
58,412,percentage,N/A,2021-10-10,2023-11-27
59,258,fixed,176.59,2023-12-04,2037-02-03
60,341,fixed,162.05,2023-08-16,2020-12-29
61,416,percentage,267.89,2023-12-13,2022-07-30
62,443,percentage,76.64,2022-03-03,2022-05-10
63,123,percentage,488.35,2022-04-16,2020-03-25
64,306,fixed,218.84,2020-02-25,2023-07-03
65,344,fixed,453.08,2023-03-20,2020-10-18
66,256,fixed,414.08,2063-10-12,2022-04-10
67,124,percentage,409.68,2066-00-15,2072-06-28
68,391,fixed,67.33,2023-10-12,2020-03-30
69,168,percentage,95.58,2021-06-10,2021-11-19
70,95,fixed,262.27,2021-03-30,2020-04-06
71,384,fixed,234.76,2077-08-08,2021-07-30
72,217,percentage,310.35,2021-05-14,2022-09-12
73,297,fixed,411.89,2022-02-03,2022-08-19
74,159,percentage,498.6,2022-04-30,2023-10-21
75,442,fixed,432.69,2023-12-18,2023-12-26
76,466,fixed,396.92,2052-05-26,2023-03-04
77,86,percentage,86.79,2022-06-12,2022-12-30
78,448,fixed,328.34,2020-08-12,2020-08-08
79,352,percentage,181.08,2020-09-25,2023-03-10
80,229,percentage,125.17,2023-02-21,2022-03-12
81,276,fixed,281.23,2020-02-15,2020-09-30
82,426,fixed,139.47,2021-12-30,2022-10-29
83,187,fixed,440.03,2020-08-01,2022-08-19
84,8,fixed,112.78,2020-06-27,2022-01-02
85,248,percentage,276.22,2022-10-15,2021-10-29
86,232,percentage,103.93,2023-09-23,2023-05-10
87,233,percentage,333.07,2020-01-08,2020-08-03
88,253,fixed,355.46,2021-11-06,2020-03-27
89,229,fixed,395.29,2065-00-23,2020-02-14
90,280,percentage,228.6,2022-07-05,2022-08-25
91,410,fixed,59.85,2020-06-12,2020-03-27
92,4,fixed,478.94,2023-01-14,2022-12-02
93,433,fixed,198.82,2022-05-30,2041-02-23
94,339,percentage,N/A,2023-11-29,2023-06-19
95,351,fixed,308.55,2022-05-30,2021-06-19
96,464,fixed,324.57,2022-05-20,2023-04-10
97,309,percentage,N/A,2020-04-05,2021-03-21
98,155,percentage,270.58,2023-12-24,2021-01-31
99,204,percentage,58.69,2020-02-29,2023-11-01
100,302,fixed,310.1,2021-07-10,2022-09-25
101,48,percentage,412.19,2023-11-14,2021-03-19
102,214,percentage,293.7,2021-12-27,2090-09-11
103,368,fixed,N/A,2022-11-10,2023-04-27
104,321,fixed,164.79,2020-02-17,2067-01-14
105,262,fixed,58.19,2083-08-12,2022-09-15
106,58,fixed,199.33,2020-09-18,2022-05-29
107,315,fixed,74.28,2023-06-21,2020-03-25
108,338,percentage,19.74,2022-11-01,2023-02-23
109,65,fixed,292.72,2021-03-01,2022-01-01
110,71,fixed,N/A,2022-07-03,2021-01-12
111,305,percentage,429.53,2020-12-26,2023-02-27
112,164,fixed,273.29,2023-12-25,2021-01-12
113,176,fixed,315.3,2021-07-11,2044-01-12
114,102,fixed,190.58,2020-06-19,2023-04-23
115,347,fixed,160.86,2023-07-29,2022-09-22
116,361,fixed,216.44,2023-11-07,2022-06-22
117,412,percentage,315.79,2020-11-01,2022-08-27
118,321,percentage,14.35,2023-06-22,2020-07-15
119,299,percentage,314.89,2020-08-23,2021-12-05
120,279,fixed,79.84,2020-01-18,2023-09-22
121,458,percentage,35.14,2037-04-14,2022-08-26
122,94,fixed,284.7,2020-01-07,2089-05-12
123,48,fixed,383.56,2020-02-04,2021-02-10
124,302,percentage,489.26,2020-06-18,2022-12-26
125,14,fixed,320.22,2031-08-21,2022-04-10
126,235,fixed,23.54,2023-12-23,2023-07-03
127,281,percentage,143.0,2020-02-15,2022-03-27
128,361,fixed,356.89,2021-08-02,2023-12-20
129,348,fixed,440.61,2022-11-13,2021-04-04
130,439,fixed,292.69,2020-10-22,2022-07-22
131,91,percentage,199.76,2021-06-12,2021-12-03
132,290,fixed,315.28,2020-10-17,2021-03-28
133,22,percentage,480.7,2020-12-18,2020-12-28
134,242,percentage,300.37,2021-01-11,2022-11-28
135,325,fixed,269.14,2020-12-22,2021-07-04
136,147,percentage,439.1,2022-12-23,2021-05-11
137,290,fixed,64.41,2023-10-27,2041-04-19
138,135,percentage,370.44,2072-00-07,2023-12-28
139,277,fixed,493.07,2020-12-07,2023-01-25
140,216,fixed,19.01,2021-06-04,2023-02-22
141,109,percentage,N/A,2021-01-11,2022-04-24
142,200,percentage,312.33,2020-10-06,2022-08-12
143,154,percentage,380.97,2021-11-14,2022-03-11
144,194,fixed,359.06,2020-01-18,2021-11-06
145,349,percentage,207.19,2023-08-26,2023-07-10
146,11,percentage,135.16,2022-03-14,2023-11-16
147,162,percentage,487.31,2020-09-22,2020-01-16
148,374,fixed,N/A,2023-01-29,2022-08-20
149,114,percentage,68.78,2023-07-07,2092-02-22
150,169,fixed,331.24,2023-01-11,2022-07-13
151,451,percentage,18.7,2022-05-03,2023-05-26
152,453,percentage,130.94,2021-11-27,2021-08-23
153,78,percentage,409.81,2088-03-01,2020-08-07
154,229,percentage,477.33,2031-05-22,2023-01-28
155,112,fixed,132.24,2032-05-04,2020-07-16
156,159,percentage,N/A,2021-01-14,2020-02-06
157,178,percentage,53.27,2022-11-25,2021-09-17
158,446,fixed,N/A,2022-12-29,2022-05-31
159,293,fixed,82.72,2021-05-03,2085-04-09
160,297,percentage,145.41,2022-04-13,2023-03-31
161,64,percentage,180.05,2023-02-11,2022-08-25
162,30,fixed,338.5,2020-06-13,2023-09-23
163,368,fixed,341.04,2021-07-22,2021-08-29
164,117,fixed,301.95,2023-10-26,2022-11-15
165,150,percentage,360.42,2020-09-23,2079-10-07
166,30,fixed,314.61,2021-12-11,2020-03-28
167,208,percentage,151.58,2023-02-23,2023-03-10
168,480,percentage,381.75,2081-10-28,2021-03-31
169,453,fixed,359.05,2021-05-11,2022-06-13
170,330,percentage,378.24,2020-05-19,2022-03-16
171,97,fixed,221.4,2023-02-11,2020-11-21
172,396,fixed,321.34,2020-05-06,2023-10-14
173,235,percentage,248.11,2021-08-08,2022-07-04
174,460,fixed,N/A,2064-00-14,2020-05-15
175,238,percentage,195.16,2022-03-24,2022-01-27
176,57,percentage,444.05,2022-07-04,2022-12-08
177,186,fixed,N/A,2020-09-14,2059-10-23
178,469,fixed,143.24,2021-05-23,2020-01-08
179,107,fixed,72.83,2023-11-23,2021-02-07
180,210,fixed,427.01,2022-02-02,2020-09-26
181,50,percentage,392.72,2020-05-24,2021-11-28
182,257,percentage,195.22,2020-02-25,2021-02-16
183,358,fixed,200.89,2020-11-04,2058-09-03
184,491,fixed,411.31,2020-01-04,2020-12-30
185,423,percentage,243.93,2022-09-04,2020-08-22
186,141,percentage,351.26,2020-02-28,2021-05-31
187,352,percentage,261.61,2020-06-02,2020-03-25
188,88,fixed,170.35,2090-06-27,2022-08-13
189,258,percentage,78.14,2022-07-31,2022-10-14
190,403,fixed,272.62,2020-08-24,2030-06-23
191,287,fixed,132.18,2020-12-16,2020-08-08
192,91,fixed,268.02,2023-09-21,2020-06-12
193,467,fixed,236.39,2021-02-27,2073-07-08
194,30,percentage,208.12,2021-01-26,2022-12-26
195,358,fixed,N/A,2023-09-23,2023-05-19
196,324,percentage,N/A,2020-11-22,2022-03-18
197,487,percentage,484.92,2020-01-17,2020-02-02
198,46,percentage,274.7,2021-11-06,2022-02-02
199,160,percentage,361.84,2020-09-17,2021-05-16
200,255,percentage,68.53,2020-08-10,2022-08-25
201,123,fixed,289.54,2023-09-13,2022-02-20
202,283,percentage,230.35,2023-02-17,2021-09-04
203,213,percentage,188.55,2023-06-14,2022-08-15
204,420,fixed,99.57,2021-05-31,2023-01-09
205,50,fixed,354.01,2020-07-30,2020-09-15
206,335,percentage,230.01,2022-06-13,2021-11-08
207,360,fixed,467.68,2022-03-10,2020-11-07
208,305,percentage,434.54,2023-12-03,2023-01-23
209,223,fixed,492.84,2022-03-26,2023-11-19
210,222,fixed,226.13,2023-10-12,2020-01-11
211,291,fixed,221.3,2023-02-09,2023-04-15
212,82,fixed,109.55,2022-08-26,2022-06-16
213,233,percentage,307.0,2023-09-27,2020-11-18
214,497,percentage,409.13,2023-04-26,2021-09-29
215,274,fixed,173.84,2023-05-27,2021-10-19
216,81,fixed,42.83,2023-12-18,2021-03-04
217,276,fixed,222.19,2034-03-09,2020-10-10
218,487,fixed,466.42,2023-12-02,2023-05-15
219,23,percentage,138.66,2020-06-19,2023-05-11
220,353,percentage,216.23,2022-09-18,2020-10-22
221,32,percentage,N/A,2021-07-31,2044-01-18
222,452,percentage,479.8,2022-04-18,2022-08-03
223,157,percentage,192.95,2021-07-07,2021-06-10
224,308,fixed,261.69,2020-02-11,2021-06-27
225,26,fixed,375.53,2020-10-11,2022-01-02
226,358,fixed,358.15,2021-12-16,2023-12-29
227,281,fixed,122.75,2021-01-12,2022-10-12
228,371,percentage,N/A,2022-10-21,2020-12-03
229,112,fixed,154.55,2050-06-25,2023-08-11
230,435,fixed,190.82,2021-12-07,2021-09-12
231,180,percentage,335.19,2020-11-07,2023-07-27
232,287,fixed,379.33,2022-11-17,2020-05-16
233,227,percentage,335.01,2023-06-20,2023-12-08
234,147,fixed,430.35,2022-03-16,2069-04-21
235,25,fixed,271.93,2023-12-11,2020-05-24
236,76,fixed,N/A,2022-05-04,2064-08-11
237,200,percentage,426.01,2023-05-18,2022-07-23
238,131,percentage,37.83,2023-08-24,2022-12-24
239,155,percentage,13.06,2020-06-12,2021-12-18
240,149,percentage,361.57,2022-07-15,2022-03-07
241,406,percentage,155.51,2079-01-09,2022-04-18
242,205,fixed,N/A,2074-06-24,2020-04-11
243,16,fixed,264.76,2022-01-20,2020-10-11
244,173,fixed,196.19,2094-04-05,2020-03-02
245,53,fixed,402.44,2095-03-26,2023-05-10
246,41,percentage,43.95,2020-08-24,2021-05-22
247,47,fixed,442.59,2020-01-14,2022-06-10
248,328,fixed,390.93,2020-01-23,2023-05-12
249,169,fixed,104.21,2023-12-18,2020-12-24
250,236,percentage,37.19,2023-01-07,2022-08-13
251,74,fixed,301.04,2021-08-04,2021-06-26
252,70,percentage,91.15,2079-01-04,2021-10-01
253,412,fixed,237.06,2022-01-03,2021-04-10
254,225,percentage,368.05,2021-03-07,2021-05-18
255,342,percentage,N/A,2021-04-09,2023-01-10
256,229,percentage,441.52,2022-11-18,2022-02-23
257,100,fixed,N/A,2022-07-18,2021-01-10
258,479,fixed,378.64,2023-07-06,2023-02-19
259,156,fixed,203.16,2023-07-14,2021-08-04
260,76,percentage,348.64,2022-07-18,2020-09-29
261,314,percentage,278.21,2020-11-22,2022-10-23
262,314,fixed,217.64,2020-08-26,2020-12-31
263,323,percentage,400.97,2020-07-08,2021-01-20
264,211,percentage,132.58,2023-03-23,2020-07-27
265,366,percentage,473.91,2021-04-19,2021-10-14
266,242,percentage,193.2,2020-05-05,2020-04-04
267,21,fixed,82.65,2020-02-21,2023-03-04
268,23,percentage,233.24,2093-08-01,2021-08-16
269,96,percentage,257.54,2022-11-24,2021-01-02
270,74,fixed,60.35,2078-02-13,2023-01-05
271,145,fixed,315.14,2022-07-15,2022-09-19
272,491,fixed,50.75,2022-11-14,2022-04-08
273,449,fixed,439.98,2022-02-20,2021-06-15
274,166,percentage,46.54,2023-09-03,2020-06-28
275,193,fixed,154.03,2060-05-27,2020-03-09
276,54,fixed,337.62,2071-05-11,2020-02-03
277,380,fixed,201.22,2022-09-12,2020-03-18
278,316,fixed,166.87,2021-08-29,2020-05-13
279,60,fixed,9.27,2020-08-20,2022-10-10
280,27,percentage,158.22,2023-10-03,2023-11-15
281,336,percentage,327.22,2020-09-07,2021-08-22
282,92,fixed,126.77,2021-01-24,2021-08-27
283,293,fixed,212.47,2023-05-03,2022-11-08
284,115,percentage,310.25,2020-06-01,2023-12-30
285,445,fixed,132.53,2023-12-15,2049-00-25
286,126,percentage,463.7,2023-01-14,2023-02-07
287,278,percentage,43.23,2022-05-24,2022-08-09
288,387,percentage,145.92,2023-07-07,2021-07-19
289,500,percentage,N/A,2023-11-11,2020-07-05
290,1,percentage,77.3,2023-01-22,2023-09-09
291,421,percentage,184.85,2022-02-14,2023-03-18
292,463,percentage,186.42,2021-06-04,2020-03-15
293,151,fixed,203.13,2023-11-12,2022-01-05
294,145,percentage,161.77,2020-06-04,2022-03-16
295,336,percentage,N/A,2022-04-11,2022-06-17
296,141,percentage,18.61,2023-11-21,2023-04-02
297,463,fixed,315.03,2022-01-15,2093-10-07
298,482,fixed,381.18,2020-12-12,2020-01-25
299,208,fixed,84.1,2022-08-16,2020-04-14
300,441,fixed,461.74,2023-03-14,2021-02-24
301,497,percentage,379.05,2021-09-07,2021-10-10
302,4,fixed,182.71,2021-07-26,2021-03-30
303,225,percentage,129.79,2021-12-30,2021-01-26
304,254,percentage,363.24,2023-01-31,2022-09-03
305,293,fixed,85.79,2021-12-13,2022-09-09
306,412,fixed,327.68,2021-03-01,2020-04-30
307,168,percentage,197.35,2022-09-24,2022-09-07
308,492,percentage,492.02,2021-02-05,2020-06-17
309,457,percentage,304.67,2023-10-02,2020-06-09
310,17,fixed,389.68,2020-06-09,2023-08-01
311,160,fixed,405.76,2020-12-17,2023-06-02
312,97,percentage,296.03,2021-01-15,2021-02-21
313,427,fixed,421.11,2021-09-10,2021-02-21
314,208,percentage,246.76,2021-04-20,2020-08-19
315,384,fixed,N/A,2023-12-13,2020-04-22
316,219,percentage,111.64,2022-12-19,2023-11-04
317,147,percentage,N/A,2066-08-24,2021-09-24
318,220,percentage,78.78,2020-06-30,2023-08-14
319,253,percentage,102.66,2023-03-18,2021-06-21
320,456,fixed,159.13,2022-12-18,2021-06-21
321,305,fixed,108.82,2057-06-16,2034-10-10
322,95,fixed,383.53,2021-09-24,2021-05-28
323,268,percentage,227.13,2022-12-24,2046-02-02
324,363,percentage,N/A,2021-03-18,2021-07-23
325,190,percentage,292.0,2021-08-04,2023-08-26
326,299,fixed,452.08,2022-08-04,2023-07-15
327,399,fixed,N/A,2021-01-06,2020-03-03
328,289,percentage,421.84,2020-05-27,2022-07-01
329,187,fixed,374.62,2084-09-19,2022-12-12
330,386,fixed,31.76,2021-11-10,2022-10-07
331,259,fixed,311.26,2022-09-30,2022-01-15
332,471,percentage,159.38,2023-06-30,2022-11-08
333,283,fixed,223.14,2022-08-28,2022-11-24
334,172,percentage,242.18,2023-09-19,2023-04-19
335,347,fixed,63.11,2021-02-27,2021-12-12
336,162,percentage,143.82,2023-10-11,2023-07-21
337,24,percentage,129.04,2023-09-11,2022-05-31
338,378,fixed,213.74,2021-02-20,2023-12-15
339,449,fixed,399.42,2022-04-08,2021-10-29
340,198,fixed,N/A,2022-11-23,2033-10-25
341,390,percentage,278.19,2023-11-17,2021-05-02
342,310,percentage,225.8,2020-02-13,2096-10-08
343,355,fixed,202.86,2021-02-23,2023-04-13
344,120,percentage,167.69,2021-04-27,2021-10-28
345,342,percentage,485.3,2022-12-16,2020-01-30
346,261,percentage,495.35,2021-09-11,2022-02-19
347,97,percentage,91.73,2020-03-04,2022-08-13
348,291,fixed,223.76,2023-05-06,2021-11-08
349,110,fixed,113.9,2021-10-15,2020-08-14
350,385,percentage,493.94,2094-02-07,2055-03-15
351,242,fixed,489.1,2022-11-02,2022-04-02
352,152,fixed,312.59,2020-02-06,2020-09-12
353,342,fixed,247.55,2020-11-02,2020-09-26
354,129,percentage,57.43,2020-10-18,2023-07-28
355,102,fixed,421.02,2074-06-12,2020-08-26
356,225,percentage,129.47,2023-01-30,2057-09-18
357,147,fixed,31.5,2086-04-08,2022-04-01
358,469,fixed,138.24,2021-04-12,2022-04-17
359,268,fixed,336.36,2023-02-25,2022-11-12
360,224,fixed,334.57,2023-08-10,2020-02-25
361,322,fixed,N/A,2021-09-16,2022-07-20
362,389,percentage,339.87,2023-12-24,2020-05-26
363,392,fixed,152.18,2039-02-26,2022-04-14
364,190,percentage,215.9,2023-10-19,2022-06-11
365,393,fixed,111.73,2021-02-25,2021-05-04
366,342,fixed,390.26,2022-09-27,2023-11-25
367,472,percentage,N/A,2020-07-24,2023-05-25
368,459,fixed,420.0,2021-10-13,2023-09-04
369,210,fixed,262.75,2021-05-02,2020-11-21
370,91,fixed,490.9,2021-07-08,2023-07-09
371,355,fixed,342.9,2023-10-06,2023-04-13
372,126,percentage,44.37,2020-10-13,2021-09-15
373,23,percentage,423.04,2021-04-24,2022-04-18
374,465,fixed,102.48,2021-07-29,2020-10-25
375,429,fixed,312.18,2021-12-31,2023-07-17
376,227,fixed,302.75,2022-10-05,2020-02-10
377,64,fixed,26.69,2020-11-25,2021-07-05
378,175,fixed,43.56,2020-07-28,2023-05-02
379,348,fixed,322.22,2023-06-18,2035-09-15
380,85,percentage,414.72,2022-09-20,2021-07-27
381,70,percentage,222.59,2021-06-20,2020-11-20
382,49,percentage,162.68,2040-04-21,2022-06-09
383,369,fixed,132.2,2021-09-21,2081-07-01
384,387,percentage,343.29,2022-11-23,2021-01-01
385,290,percentage,13.02,2021-08-04,2022-01-26
386,429,fixed,428.53,2021-09-13,2020-06-01
387,54,fixed,288.67,2055-03-18,2022-01-01
388,187,percentage,N/A,2056-01-06,2023-01-31
389,211,fixed,351.27,2021-11-23,2021-06-19
390,317,fixed,19.41,2022-03-31,2022-11-06
391,73,percentage,446.63,2021-05-14,2021-06-28
392,243,percentage,421.71,2020-02-08,2080-07-05
393,100,percentage,404.15,2091-07-05,2098-06-11
394,319,percentage,91.05,2022-01-10,2022-02-05
395,69,percentage,499.4,2021-03-01,2020-08-13
396,124,percentage,342.99,2094-00-12,2023-10-08
397,182,percentage,393.99,2022-10-03,2023-04-13
398,321,percentage,46.86,2023-09-11,2021-04-06
399,93,fixed,52.1,2020-05-09,2020-05-29
400,4,percentage,N/A,2023-05-31,2021-10-09
401,143,percentage,399.22,2021-10-27,2047-03-23
402,489,fixed,349.02,2021-10-28,2023-05-12
403,19,fixed,185.39,2023-09-25,2023-11-23
404,148,fixed,315.81,2022-11-04,2020-08-30
405,33,fixed,306.98,2021-08-29,2021-05-23
406,118,fixed,351.86,2021-02-08,2021-02-07
407,16,percentage,105.81,2020-02-10,2021-05-25
408,230,fixed,362.93,2022-08-07,2022-07-17
409,120,fixed,10.73,2022-09-05,2021-08-09
410,70,fixed,161.71,2022-07-01,2023-03-10
411,300,percentage,216.87,2022-10-17,2021-09-28
412,459,percentage,272.17,2021-06-26,2020-04-19
413,115,percentage,300.7,2078-08-26,2022-07-11
414,452,percentage,78.52,2022-06-04,2021-10-15
415,484,fixed,467.66,2023-03-30,2023-09-24
416,50,fixed,N/A,2021-09-28,2022-08-29
417,32,fixed,131.65,2022-09-08,2020-07-02
418,346,fixed,N/A,2023-04-13,2020-10-05
419,360,fixed,378.03,2022-05-16,2023-08-03
420,427,fixed,197.04,2021-01-30,2021-11-11
421,168,percentage,484.1,2023-02-17,2021-06-20
422,337,percentage,51.65,2020-01-01,2022-08-13
423,94,fixed,314.88,2022-07-30,2021-02-15
424,317,percentage,246.03,2046-07-12,2022-11-16
425,467,fixed,450.87,2023-05-31,2022-02-28
426,16,percentage,152.44,2020-02-07,2078-00-06
427,274,percentage,71.46,2048-00-11,2022-11-01
428,41,fixed,N/A,2020-05-18,2020-08-08
429,258,fixed,275.08,2020-11-02,2023-03-24
430,121,percentage,273.6,2049-09-26,2020-06-16
431,15,percentage,477.0,2023-02-10,2021-10-21
432,136,fixed,415.36,2022-01-05,2023-08-24
433,257,percentage,104.94,2032-09-26,2022-05-02
434,310,percentage,388.35,2020-03-24,2020-07-16
435,195,percentage,86.0,2023-02-21,2021-11-24
436,59,percentage,276.1,2020-06-13,2023-05-29
437,498,percentage,398.69,2020-11-16,2068-09-05
438,16,fixed,17.61,2023-01-22,2023-10-16
439,244,fixed,25.56,2022-12-04,2021-07-28
440,51,fixed,136.31,2020-06-17,2021-05-22
441,337,fixed,360.54,2020-01-23,2022-05-26
442,496,percentage,214.18,2020-09-10,2020-08-18
443,152,percentage,233.14,2023-08-22,2023-11-27
444,166,fixed,371.61,2020-11-22,2071-02-04
445,336,percentage,N/A,2023-09-15,2091-05-27
446,358,percentage,178.84,2020-08-10,2021-07-13
447,420,percentage,200.61,2020-03-30,2021-03-24
448,281,fixed,89.62,2033-04-02,2022-03-25
449,255,fixed,145.15,2065-07-28,2021-03-11
450,422,percentage,403.13,2021-12-02,2023-02-12
451,434,percentage,437.46,2021-05-27,2022-08-16
452,70,fixed,382.42,2022-03-19,2021-01-02
453,370,fixed,411.13,2020-12-23,2023-04-06
454,336,fixed,264.05,2020-06-09,2021-06-28
455,82,fixed,477.2,2023-02-02,2068-07-08
456,188,percentage,105.87,2023-08-14,2021-02-26
457,383,percentage,112.64,2020-12-14,2022-12-23
458,85,fixed,N/A,2023-11-28,2021-12-27
459,3,percentage,389.26,2020-07-01,2049-03-03
460,110,percentage,190.95,2021-06-16,2020-10-20
461,354,percentage,227.19,2021-03-06,2020-03-18
462,127,fixed,406.83,2022-03-26,2023-07-19
463,40,fixed,43.83,2023-01-15,2020-08-20
464,187,percentage,N/A,2020-05-12,2021-05-20
465,47,fixed,24.45,2023-11-25,2022-05-11
466,457,fixed,362.36,2023-12-17,2020-07-14
467,9,percentage,259.07,2022-08-24,2022-06-13
468,224,percentage,6.37,2020-01-06,2022-10-12
469,226,fixed,134.31,2022-01-15,2023-02-27
470,50,fixed,275.72,2023-03-06,2023-11-11
471,298,percentage,428.65,2022-09-25,2020-04-29
472,151,fixed,415.15,2092-09-25,2020-09-01
473,31,percentage,22.13,2022-06-12,2021-08-19
474,9,fixed,371.8,2021-12-12,2021-02-13
475,495,percentage,151.08,2021-10-04,2021-01-06
476,192,percentage,222.07,2021-01-16,2021-10-16
477,351,percentage,479.35,2020-11-01,2020-12-15
478,114,fixed,369.59,2023-10-15,2020-08-15
479,101,fixed,N/A,2022-09-06,2022-04-04
480,350,percentage,192.87,2023-08-08,2022-04-13
481,163,percentage,215.41,2023-10-31,2022-07-21
482,263,fixed,9.41,2021-01-11,2036-10-07
483,130,percentage,157.73,2020-05-11,2023-10-20
484,243,percentage,261.86,2020-12-12,2023-08-14
485,415,fixed,394.84,2023-07-27,2021-03-11
486,225,percentage,191.62,2023-09-12,2022-08-08
487,425,percentage,221.41,2020-04-02,2022-09-19
488,122,percentage,264.69,2080-08-28,2021-04-25
489,110,percentage,53.13,2021-02-06,2021-08-18
490,153,fixed,83.22,2022-04-01,2022-06-12
491,195,fixed,309.77,2020-12-03,2021-08-09
492,241,fixed,182.39,2021-07-29,2022-04-16
493,479,percentage,289.03,2021-01-10,2023-04-26
494,116,percentage,203.42,2021-07-14,2021-11-02
495,221,fixed,198.64,2022-12-29,2022-04-02
496,334,fixed,197.92,2021-08-27,2074-00-08
497,288,percentage,230.31,2022-10-23,2021-06-18
498,382,fixed,26.6,2023-10-23,2022-05-13
499,42,fixed,81.53,2021-02-25,2048-08-27
500,363,percentage,382.78,2021-02-22,2021-03-14
501,118,percentage,66.56,2023-04-07,2023-12-25
502,103,percentage,189.4,2022-03-31,2023-07-01
503,272,percentage,139.57,2022-10-14,2022-09-06
504,261,fixed,134.28,2022-09-15,2021-12-29
505,225,fixed,59.29,2022-08-03,2020-10-21
506,408,percentage,434.27,2022-01-27,2021-11-02
507,76,fixed,257.54,2022-10-13,2089-04-09
508,173,fixed,321.51,2023-06-11,2023-04-09
509,18,fixed,N/A,2022-07-15,2023-01-07
510,331,fixed,337.08,2023-02-27,2021-11-21
511,495,fixed,66.88,2020-12-15,2022-10-01
512,370,percentage,253.51,2094-05-22,2021-01-30
513,303,fixed,N/A,2022-04-13,2020-12-02
514,438,fixed,326.59,2020-09-03,2084-05-22
515,448,fixed,440.88,2020-02-07,2022-04-05
516,22,percentage,379.46,2021-06-13,2020-10-25
517,443,fixed,336.23,2020-05-12,2023-06-30
518,3,fixed,22.25,2023-09-23,2020-02-01
519,403,fixed,420.88,2022-04-09,2023-02-27
520,143,fixed,152.14,2022-01-14,2023-06-25
521,338,percentage,310.45,2023-02-16,2023-04-07
522,115,percentage,N/A,2022-04-19,2020-12-27
523,227,percentage,380.32,2022-01-07,2036-07-11
524,137,fixed,280.67,2094-10-21,2020-01-07
525,338,fixed,204.36,2022-06-04,2022-01-20
526,493,percentage,417.65,2020-08-24,2021-06-11
527,158,fixed,N/A,2021-12-09,2020-11-14
528,217,percentage,458.41,2023-03-31,2022-03-06
529,71,fixed,N/A,2021-06-27,2020-08-19
530,420,percentage,127.86,2021-12-04,2021-04-12
531,322,percentage,237.84,2020-06-19,2020-05-07
532,255,percentage,306.08,2021-09-10,2021-09-21
533,459,fixed,206.82,2020-04-10,2023-08-01
534,348,fixed,86.85,2021-01-04,2021-12-31
535,354,fixed,119.02,2020-01-16,2020-10-17
536,415,fixed,52.14,2033-00-10,2020-10-16
537,35,fixed,112.43,2020-05-04,2022-06-29
538,353,percentage,172.65,2022-04-30,2023-10-06
539,274,percentage,432.37,2022-02-08,2020-07-27
540,443,fixed,166.65,2020-08-04,2022-06-18
541,235,fixed,456.14,2023-11-05,2085-10-28
542,460,percentage,130.16,2023-07-30,2067-10-01
543,82,fixed,8.22,2020-11-08,2022-10-01
544,411,fixed,424.31,2021-10-19,2022-10-31
545,199,fixed,357.5,2023-12-09,2021-04-16
546,70,percentage,210.41,2023-10-25,2020-01-17
547,243,percentage,244.18,2023-09-01,2022-08-31
548,374,percentage,34.34,2023-11-05,2023-04-17
549,203,fixed,129.54,2022-10-17,2021-04-24
550,382,fixed,474.74,2055-07-24,2021-04-18
551,32,fixed,408.83,2023-08-17,2022-10-12
552,247,percentage,15.99,2021-05-30,2020-12-15
553,308,percentage,267.1,2021-03-11,2021-10-05
554,168,percentage,454.47,2021-11-20,2020-04-24
555,236,percentage,219.47,2022-04-07,2021-10-07
556,96,fixed,N/A,2023-03-15,2021-01-25
557,106,percentage,275.92,2023-08-08,2022-08-03
558,354,percentage,190.37,2020-07-11,2045-06-28
559,104,percentage,354.93,2022-04-26,2021-08-06
560,476,fixed,N/A,2022-04-14,2022-12-17
561,437,percentage,395.29,2020-03-17,2023-12-12
562,405,percentage,63.55,2020-01-13,2021-07-12
563,441,fixed,102.85,2020-12-14,2067-01-19
564,375,percentage,288.73,2023-03-12,2042-00-10
565,46,percentage,316.87,2021-04-06,2023-01-01
566,94,fixed,136.16,2020-01-11,2021-01-10
567,17,fixed,284.0,2023-07-20,2021-11-14
568,87,fixed,347.08,2020-08-18,2021-05-25
569,39,percentage,445.64,2022-10-11,2021-03-30
570,306,fixed,295.13,2020-03-16,2049-05-20
571,259,percentage,377.02,2021-06-14,2023-03-02
572,296,percentage,463.6,2022-04-21,2020-10-20
573,294,fixed,436.1,2023-04-24,2033-09-17
574,225,fixed,204.87,2021-10-12,2023-08-31
575,9,percentage,491.13,2023-08-21,2020-09-04
576,39,fixed,118.87,2021-05-07,2021-09-04
577,492,percentage,179.0,2022-05-07,2083-05-23
578,333,percentage,474.06,2023-04-28,2020-11-21
579,344,fixed,95.65,2020-09-26,2023-10-10
580,53,percentage,192.57,2020-09-01,2023-07-02
581,92,percentage,105.34,2021-11-04,2023-08-22
582,47,percentage,311.02,2022-07-03,2021-09-18
583,137,fixed,N/A,2020-04-13,2022-02-14
584,280,fixed,124.44,2022-10-04,2023-12-23
585,424,percentage,110.42,2086-00-03,2022-07-19
586,369,percentage,180.45,2023-12-15,2022-05-27
587,169,fixed,207.28,2021-02-05,2098-08-14
588,184,fixed,496.98,2023-04-14,2032-09-05
589,475,percentage,249.82,2023-01-21,2021-07-28
590,51,fixed,201.41,2023-12-04,2023-02-22
591,450,percentage,N/A,2023-10-16,2021-01-30
592,256,fixed,265.99,2020-02-18,2021-08-14
593,151,fixed,246.58,2021-01-25,2020-05-03
594,87,percentage,482.33,2021-08-22,2032-10-15
595,417,percentage,60.07,2020-10-11,2072-02-08
596,247,percentage,132.37,2021-09-25,2020-06-21
597,298,fixed,N/A,2020-09-09,2021-06-12
598,188,percentage,477.3,2023-01-24,2021-08-10
599,361,percentage,95.74,2022-04-24,2023-11-13
600,157,percentage,N/A,2020-05-08,2023-09-24
601,226,percentage,N/A,2023-10-12,2048-05-07
602,196,percentage,489.67,2021-10-09,2020-06-05
603,143,percentage,164.6,2021-02-21,2023-01-21
604,404,fixed,76.47,2020-04-06,2020-09-13
605,387,percentage,59.4,2022-06-14,2023-09-07
606,208,fixed,30.59,2023-01-25,2022-10-15
607,167,percentage,205.77,2020-11-04,2020-07-02
608,221,fixed,330.83,2021-03-16,2022-12-08
609,136,fixed,214.07,2023-02-27,2020-04-19
610,469,fixed,127.16,2042-03-20,2020-10-06
611,461,percentage,169.87,2053-05-03,2020-09-27
612,133,percentage,188.54,2084-08-27,2023-01-16
613,445,percentage,191.34,2021-06-25,2073-05-04
614,76,fixed,402.91,2023-02-02,2021-05-07
615,155,fixed,322.02,2020-01-30,2020-02-22
616,482,fixed,227.22,2021-06-06,2021-03-18
617,195,percentage,N/A,2022-08-01,2021-02-13
618,351,fixed,330.57,2022-09-03,2022-07-11
619,14,fixed,145.24,2023-05-02,2022-12-28
620,153,fixed,469.03,2021-10-17,2022-11-09
621,286,fixed,134.92,2021-12-29,2022-01-14
622,428,percentage,55.12,2023-06-06,2023-11-10
623,298,fixed,N/A,2020-10-15,2021-07-19
624,424,percentage,474.22,2022-07-06,2022-09-25
625,458,fixed,183.58,2070-02-13,2023-05-08
626,239,percentage,N/A,2020-06-23,2022-12-30
627,405,percentage,483.42,2023-02-14,2021-07-08
628,50,fixed,N/A,2022-05-22,2023-07-23
629,301,percentage,350.6,2020-02-01,2020-09-01
630,415,percentage,47.62,2021-04-30,2021-02-14
631,42,fixed,496.88,2022-11-06,2023-12-04
632,352,percentage,216.43,2023-02-20,2083-03-05
633,200,fixed,251.76,2093-04-02,2020-12-17
634,150,fixed,113.21,2022-02-06,2020-04-27
635,390,percentage,60.5,2021-01-06,2023-09-26
636,379,fixed,407.77,2023-01-26,2074-00-27
637,474,percentage,178.12,2022-01-28,2020-12-20
638,310,fixed,124.71,2021-04-04,2037-08-17
639,412,fixed,13.38,2023-07-04,2023-01-06
640,150,percentage,124.53,2033-01-18,2021-02-26
641,160,percentage,275.68,2023-04-02,2023-09-15
642,75,percentage,N/A,2021-11-17,2020-07-28
643,19,fixed,137.21,2020-11-03,2036-04-07
644,43,percentage,367.35,2022-09-30,2020-03-20
645,117,fixed,223.96,2077-03-21,2020-07-19
646,398,percentage,184.9,2020-09-02,2023-08-08
647,2,percentage,466.77,2022-02-11,2020-12-23
648,394,fixed,88.93,2022-04-12,2022-07-30
649,230,percentage,416.74,2023-05-05,2022-04-18
650,102,fixed,352.54,2021-07-12,2022-05-29
651,265,percentage,142.51,2022-06-27,2021-04-29
652,66,percentage,128.68,2020-12-02,2031-06-24
653,339,fixed,245.75,2022-09-24,2020-07-29
654,432,fixed,99.57,2020-04-24,2098-02-02
655,286,fixed,317.45,2020-08-01,2022-07-11
656,3,fixed,232.17,2021-03-28,2020-09-09
657,492,fixed,157.62,2022-05-17,2022-05-24
658,179,percentage,158.91,2020-06-07,2022-06-07
659,136,percentage,116.85,2022-01-17,2022-10-16
660,361,percentage,64.88,2020-04-26,2021-04-12
661,25,percentage,174.34,2022-03-01,2023-01-05
662,459,percentage,45.12,2020-05-10,2020-10-09
663,183,percentage,256.6,2020-09-26,2020-12-12
664,142,percentage,N/A,2021-06-07,2021-07-22
665,48,percentage,452.5,2023-11-14,2022-05-06
666,136,percentage,226.5,2021-07-27,2022-06-30
667,106,percentage,200.64,2023-06-12,2033-06-17
668,224,fixed,N/A,2023-06-10,2020-12-09
669,424,percentage,378.61,2023-07-14,2023-02-16
670,71,percentage,484.82,2021-05-02,2020-10-03
671,479,percentage,266.68,2067-04-11,2021-12-23
672,282,fixed,299.17,2023-04-21,2022-06-13
673,26,percentage,404.81,2021-08-18,2021-11-14
674,481,fixed,296.27,2023-09-11,2021-03-08
675,422,fixed,73.05,2022-01-06,2022-01-15
676,249,percentage,281.06,2020-08-07,2021-11-15
677,147,fixed,167.0,2023-06-07,2021-08-28
678,62,percentage,212.14,2023-11-13,2084-06-03
679,292,percentage,119.92,2021-10-11,2021-03-24
680,379,fixed,104.07,2023-06-04,2020-10-27
681,246,fixed,484.12,2021-03-26,2021-12-24
682,52,fixed,42.77,2022-09-15,2023-09-20
683,481,percentage,N/A,2023-06-30,2022-07-23
684,19,fixed,13.38,2022-12-25,2022-08-10
685,114,percentage,73.84,2044-01-21,2022-08-05
686,487,percentage,26.9,2021-03-03,2023-09-29
687,204,percentage,437.25,2020-11-04,2072-04-27
688,316,fixed,237.28,2022-12-14,2023-12-04
689,339,percentage,172.11,2022-10-15,2021-09-18
690,484,fixed,224.61,2022-07-18,2022-01-16
691,3,percentage,5.67,2022-11-26,2023-09-25
692,261,fixed,170.33,2021-12-25,2021-06-09
693,10,fixed,462.11,2021-02-28,2020-02-10
694,276,fixed,363.06,2100-07-25,2022-04-29
695,457,percentage,N/A,2022-11-05,2090-05-14
696,396,fixed,295.12,2021-04-12,2022-11-12
697,80,percentage,465.24,2020-10-03,2020-08-19
698,40,fixed,26.33,2021-06-22,2023-07-18
699,55,fixed,7.67,2037-10-13,2022-06-02
700,100,fixed,227.46,2023-06-28,2020-08-15
701,253,percentage,252.27,2021-08-06,2020-02-12
702,370,fixed,91.17,2021-04-14,2020-11-24
703,211,percentage,15.81,2022-05-17,2091-08-21
704,429,percentage,321.44,2022-09-25,2020-08-30
705,298,percentage,284.24,2022-09-10,2023-02-07
706,449,percentage,410.4,2021-07-29,2022-04-07
707,3,percentage,105.09,2021-04-13,2072-04-09
708,302,percentage,47.34,2020-07-03,2023-01-08
709,106,fixed,23.57,2023-06-20,2023-12-08
710,224,fixed,N/A,2022-09-20,2089-09-02
711,19,percentage,403.82,2022-01-19,2022-02-17
712,284,percentage,44.51,2020-10-10,2022-05-20
713,323,percentage,371.65,2023-02-03,2021-04-22
714,24,fixed,328.43,2021-09-29,2023-06-07
715,353,fixed,307.13,2023-09-03,2022-03-13
716,269,fixed,103.52,2020-09-29,2023-01-26
717,364,percentage,140.4,2023-07-20,2021-12-28
718,350,fixed,416.08,2023-06-04,2022-12-22
719,11,fixed,310.02,2057-08-05,2023-10-04
720,270,fixed,290.01,2023-04-14,2035-07-03
721,397,fixed,247.92,2023-03-19,2021-08-09
722,398,percentage,237.15,2020-06-04,2056-09-23
723,430,fixed,346.74,2022-12-31,2021-10-14
724,384,percentage,403.47,2023-06-10,2091-02-05
725,131,percentage,256.54,2040-10-14,2022-07-16
726,327,percentage,33.58,2087-07-04,2021-06-01
727,284,fixed,443.11,2023-04-17,2020-01-21
728,77,fixed,N/A,2100-06-28,2022-02-20
729,306,percentage,372.1,2021-04-06,2022-08-14
730,323,fixed,133.58,2023-10-17,2021-03-11
731,306,percentage,67.69,2020-10-13,2022-01-16
732,272,percentage,343.77,2022-10-14,2022-07-29
733,234,percentage,N/A,2049-10-03,2023-09-29
734,466,fixed,19.38,2021-12-27,2021-09-23
735,82,fixed,388.25,2091-00-24,2080-00-13
736,411,fixed,64.66,2020-07-07,2022-05-09
737,193,fixed,10.7,2023-11-12,2020-10-17
738,188,percentage,283.11,2020-05-21,2089-00-21
739,395,percentage,206.58,2021-02-01,2021-06-10
740,470,percentage,6.33,2074-05-14,2022-01-07
741,24,fixed,157.77,2023-10-30,2020-02-12
742,338,fixed,324.52,2020-09-20,2022-03-19
743,188,fixed,323.72,2023-04-08,2023-09-14
744,355,percentage,N/A,2021-06-07,2021-06-21
745,426,percentage,166.68,2022-07-23,2023-05-18
746,481,fixed,294.82,2023-03-23,2022-10-20
747,303,percentage,471.5,2020-05-10,2021-07-09
748,254,fixed,254.9,2022-09-08,2023-04-05
749,301,fixed,268.78,2023-12-05,2021-06-01
750,98,fixed,354.86,2023-08-18,2022-04-28
751,57,fixed,444.13,2022-08-30,2023-03-28
752,316,fixed,44.16,2023-05-31,2021-01-01
753,389,percentage,N/A,2023-06-11,2021-04-14
754,15,fixed,30.91,2049-04-27,2022-08-17
755,21,fixed,125.25,2020-01-03,2023-11-08
756,364,percentage,185.97,2023-09-14,2021-02-02
757,454,fixed,381.3,2021-04-30,2022-10-26
758,290,percentage,22.66,2022-05-02,2023-11-15
759,85,fixed,62.17,2023-05-14,2020-08-11
760,472,fixed,182.46,2022-03-15,2076-10-05
761,170,fixed,69.61,2023-09-02,2022-06-03
762,382,fixed,N/A,2063-02-15,2020-01-18
763,97,percentage,194.17,2099-10-23,2022-04-12
764,186,fixed,36.15,2021-04-08,2023-03-30
765,250,percentage,131.71,2023-11-18,2020-04-19
766,29,percentage,222.25,2022-02-09,2022-08-21
767,442,fixed,485.35,2082-00-11,2022-11-21
768,146,percentage,58.78,2023-07-21,2020-04-30
769,52,fixed,420.86,2021-05-27,2022-06-08
770,100,fixed,347.41,2020-08-30,2023-08-27
771,369,percentage,42.6,2020-07-27,2022-01-05
772,223,percentage,N/A,2021-04-21,2073-03-05
773,30,fixed,30.28,2020-01-24,2022-10-01
774,486,fixed,485.89,2023-03-04,2020-01-18
775,186,percentage,252.12,2022-05-19,2020-08-15
776,97,fixed,124.46,2022-12-09,2020-10-21
777,79,fixed,343.43,2020-12-16,2022-04-22
778,301,percentage,319.3,2077-09-23,2022-04-21
779,395,fixed,349.4,2023-04-26,2040-06-25
780,321,fixed,270.36,2020-07-07,2021-08-26
781,153,percentage,243.85,2099-01-05,2020-11-03
782,285,fixed,62.76,2021-05-22,2021-07-22
783,465,percentage,85.54,2022-01-31,2021-12-08
784,465,percentage,394.78,2023-07-09,2020-07-12
785,200,percentage,160.87,2020-01-12,2023-01-23
786,119,percentage,40.39,2020-02-17,2023-06-15
787,497,percentage,366.03,2022-11-23,2020-05-04
788,330,percentage,N/A,2023-10-01,2021-01-19
789,355,fixed,322.56,2022-02-05,2021-07-15
790,86,percentage,158.84,2020-12-22,2020-05-24
791,5,fixed,302.41,2020-03-18,2020-05-07
792,276,percentage,57.13,2023-04-28,2020-02-20
793,34,percentage,211.23,2020-09-10,2023-04-14
794,152,fixed,152.25,2022-12-13,2020-05-22
795,236,percentage,241.72,2020-12-15,2021-10-18
796,61,percentage,N/A,2023-03-17,2021-10-25
797,15,percentage,231.86,2023-10-21,2020-03-20
798,205,percentage,43.31,2020-10-10,2023-10-04
799,241,percentage,499.53,2022-04-02,2099-07-14
800,371,fixed,N/A,2020-11-28,2040-02-06
801,212,percentage,271.86,2021-06-10,2022-12-11
802,155,percentage,173.51,2021-05-08,2063-02-09
803,124,fixed,208.29,2021-07-25,2022-07-13
804,100,percentage,98.29,2021-07-18,2021-09-20
805,195,percentage,391.69,2023-01-01,2023-05-15
806,431,percentage,N/A,2022-01-01,2022-12-08
807,155,percentage,308.28,2032-02-03,2023-01-13
808,163,fixed,N/A,2022-08-02,2022-03-06
809,400,fixed,415.54,2023-06-29,2021-08-14
810,48,fixed,43.48,2023-05-17,2021-08-27
811,127,percentage,310.03,2021-12-10,2021-01-01
812,283,fixed,224.85,2020-04-28,2023-09-04
813,444,percentage,158.58,2022-06-06,2022-08-19
814,199,fixed,14.27,2022-02-02,2020-07-01
815,204,fixed,431.04,2020-02-18,2021-01-01
816,289,percentage,105.47,2023-05-28,2020-04-29
817,232,percentage,359.34,2020-01-08,2020-11-19
818,28,fixed,415.51,2020-12-22,2088-07-14
819,21,fixed,90.76,2022-07-11,2022-10-02
820,400,percentage,266.22,2059-08-19,2020-10-22
821,75,fixed,N/A,2072-06-02,2022-09-29
822,393,percentage,289.27,2037-06-22,2023-10-19
823,24,percentage,27.61,2042-09-19,2023-09-23
824,454,percentage,437.41,2021-05-21,2022-02-27
825,237,fixed,N/A,2054-00-24,2022-07-28
826,212,fixed,28.49,2080-08-10,2023-01-26
827,358,percentage,6.02,2020-07-05,2023-04-11
828,291,percentage,427.16,2023-03-09,2022-02-14
829,306,fixed,N/A,2022-04-11,2023-01-12
830,7,percentage,193.18,2021-04-18,2021-02-10
831,380,percentage,409.79,2020-07-04,2021-03-07
832,267,percentage,44.49,2021-01-07,2023-02-21
833,444,fixed,420.03,2049-10-10,2023-11-24
834,43,fixed,446.63,2021-11-09,2077-02-13
835,271,fixed,N/A,2023-09-11,2020-01-19
836,483,percentage,47.39,2021-03-19,2060-06-01
837,298,percentage,207.06,2022-06-21,2021-01-06
838,368,fixed,172.94,2022-06-29,2022-01-28
839,492,fixed,365.54,2023-03-14,2021-07-29
840,320,fixed,449.02,2022-06-26,2023-06-26
841,300,percentage,301.2,2020-01-24,2022-06-26
842,50,fixed,269.97,2023-02-03,2023-08-08
843,3,percentage,449.69,2022-07-05,2020-11-28
844,95,fixed,174.42,2022-02-09,2021-04-20
845,407,fixed,45.59,2023-01-09,2021-05-02
846,466,percentage,N/A,2020-04-02,2020-11-22
847,431,fixed,19.08,2021-03-02,2022-11-01
848,330,percentage,N/A,2020-09-13,2020-05-25
849,117,fixed,187.87,2021-04-08,2023-07-26
850,51,fixed,451.87,2021-04-22,2020-12-20
851,351,percentage,164.34,2020-04-27,2023-12-12
852,8,percentage,267.54,2021-06-10,2023-03-07
853,120,percentage,105.57,2020-12-14,2022-08-29
854,336,percentage,N/A,2020-06-10,2091-04-11
855,489,percentage,353.16,2021-07-15,2023-02-06
856,333,fixed,87.91,2021-03-16,2020-10-17
857,325,fixed,N/A,2023-11-15,2020-12-30
858,83,fixed,272.6,2023-06-02,2021-05-09
859,116,percentage,151.44,2022-01-27,2022-06-13
860,411,fixed,351.62,2023-03-08,2023-11-16
861,362,percentage,10.14,2023-02-26,2021-06-10
862,181,percentage,155.25,2020-05-14,2020-01-07
863,448,percentage,298.58,2023-02-05,2023-06-23
864,410,percentage,N/A,2021-08-18,2021-10-10
865,320,percentage,267.82,2022-03-29,2021-01-15
866,298,percentage,301.1,2022-10-09,2021-10-12
867,289,percentage,187.5,2022-03-25,2020-12-27
868,315,percentage,120.6,2074-04-03,2022-10-13
869,243,percentage,182.92,2022-07-03,2022-04-01
870,64,percentage,N/A,2023-03-21,2022-10-31
871,317,fixed,229.22,2023-02-02,2022-08-03
872,82,fixed,183.16,2023-04-04,2022-01-25
873,207,fixed,311.3,2021-08-21,2022-05-25
874,255,percentage,275.47,2023-07-29,2021-11-07
875,274,fixed,157.46,2021-02-10,2023-10-18
876,415,percentage,119.23,2020-06-13,2022-09-27
877,241,fixed,97.64,2021-10-05,2020-11-15
878,108,fixed,437.98,2022-11-19,2023-08-12
879,34,fixed,410.34,2020-06-17,2022-11-30
880,184,fixed,246.46,2022-11-07,2076-08-22
881,314,fixed,112.89,2022-11-20,2020-07-08
882,328,fixed,95.25,2022-12-27,2021-11-10
883,179,fixed,487.4,2021-06-19,2022-10-03
884,86,fixed,138.99,2023-09-01,2023-09-21
885,113,fixed,487.77,2021-02-25,2022-11-02
886,291,fixed,317.82,2085-01-17,2021-11-26
887,120,percentage,397.38,2021-10-20,2022-09-11
888,227,fixed,297.54,2022-03-21,2021-03-19
889,288,percentage,48.48,2021-05-19,2020-01-30
890,466,percentage,254.63,2020-09-12,2022-05-02
891,50,fixed,25.19,2021-09-17,2082-01-06
892,42,percentage,109.35,2020-09-05,2020-04-14
893,23,percentage,120.11,2021-07-22,2021-01-26
894,465,fixed,394.8,2023-09-26,2023-12-09
895,101,percentage,393.79,2023-11-01,2022-01-12
896,325,percentage,114.18,2021-07-10,2022-02-19
897,156,percentage,491.75,2022-11-29,2021-11-29
898,101,percentage,156.46,2022-11-05,2020-12-27
899,205,fixed,142.13,2023-07-26,2021-10-11
900,114,percentage,376.78,2023-08-10,2023-03-13
901,173,fixed,140.11,2021-04-30,2023-10-30
902,156,fixed,38.3,2020-04-20,2020-01-28
903,9,fixed,192.03,2020-05-05,2021-02-15
904,282,fixed,317.74,2023-08-14,2020-03-30
905,80,percentage,376.93,2022-12-20,2020-03-13
906,130,percentage,309.82,2023-01-30,2022-07-31
907,240,percentage,237.29,2020-01-15,2021-05-03
908,283,percentage,490.1,2021-02-16,2031-02-02
909,36,percentage,16.3,2022-08-18,2020-04-02
910,278,percentage,452.86,2021-12-02,2020-02-27
911,449,percentage,441.33,2021-12-11,2022-03-05
912,43,percentage,43.79,2097-08-13,2022-05-29
913,438,percentage,194.13,2021-05-23,2021-02-18
914,68,percentage,52.46,2022-10-21,2021-03-22
915,2,fixed,383.51,2022-04-10,2020-04-30
916,375,fixed,N/A,2022-07-08,2020-01-23
917,258,percentage,N/A,2022-01-23,2021-05-28
918,130,percentage,423.46,2068-00-04,2022-01-11
919,102,percentage,50.94,2021-04-26,2020-07-13
920,211,fixed,324.96,2022-02-14,2053-08-11
921,220,fixed,399.94,2023-04-15,2022-02-05
922,473,percentage,366.07,2036-02-02,2021-09-17
923,110,fixed,256.72,2021-04-06,2023-12-05
924,384,percentage,100.85,2057-10-24,2020-07-15
925,320,fixed,346.82,2023-03-12,2030-08-17
926,414,percentage,91.97,2022-10-12,2022-01-14
927,380,fixed,186.64,2100-05-12,2021-12-31
928,348,fixed,482.26,2021-02-11,2021-08-18
929,199,percentage,242.49,2022-01-29,2023-10-04
930,340,fixed,113.89,2023-01-31,2022-06-26
931,159,percentage,55.24,2020-07-05,2023-12-23
932,33,percentage,150.53,2020-11-25,2076-02-25
933,225,percentage,482.63,2050-05-12,2023-09-28
934,50,percentage,478.88,2020-03-20,2022-12-04
935,277,fixed,326.76,2023-04-01,2023-09-20
936,172,percentage,21.43,2020-02-16,2053-07-24
937,300,fixed,331.51,2020-08-06,2023-03-27
938,31,percentage,389.6,2023-03-27,2023-10-12
939,130,fixed,N/A,2021-10-01,2022-03-03
940,423,percentage,N/A,2020-08-09,2023-01-11
941,178,fixed,346.01,2021-11-20,2020-06-18
942,422,percentage,499.42,2020-08-06,2022-03-01
943,90,fixed,N/A,2021-01-16,2021-01-07
944,328,fixed,457.92,2023-03-16,2020-03-26
945,188,percentage,263.58,2023-11-27,2022-05-13
946,56,percentage,237.56,2020-11-09,2022-08-18
947,23,fixed,194.13,2021-05-25,2023-10-29
948,28,percentage,173.43,2023-11-10,2023-12-09
949,48,percentage,401.21,2022-01-29,2023-07-03
950,148,fixed,417.37,2022-10-11,2021-04-25
951,179,fixed,289.32,2021-01-09,2023-03-18
952,193,fixed,58.05,2023-09-20,2023-03-31
953,20,fixed,110.93,2023-03-21,2021-11-02
954,248,fixed,328.67,2072-04-08,2020-12-18
955,222,percentage,268.79,2021-04-09,2022-05-25
956,218,percentage,424.03,2021-05-24,2020-04-26
957,94,fixed,242.75,2021-11-03,2020-07-16
958,325,fixed,345.22,2021-07-22,2023-08-18
959,423,fixed,8.86,2021-07-10,2021-10-27
960,202,fixed,461.72,2020-11-02,2092-09-03
961,158,percentage,228.37,2023-02-06,2020-12-14
962,367,fixed,N/A,2023-09-15,2020-01-10
963,125,fixed,477.96,2021-09-02,2100-01-25
964,316,fixed,488.23,2023-07-28,2067-00-23
965,490,percentage,N/A,2020-09-27,2021-09-01
966,398,percentage,141.99,2021-09-06,2021-05-23
967,119,percentage,190.8,2020-11-08,2023-03-11
968,181,percentage,18.59,2023-02-05,2052-01-09
969,214,fixed,203.64,2023-01-07,2020-12-21
970,341,percentage,138.2,2023-01-08,2020-10-22
971,343,fixed,310.78,2020-03-27,2023-03-20
972,318,percentage,440.7,2023-01-03,2020-10-04
973,332,percentage,87.46,2023-09-07,2022-03-03
974,368,fixed,383.36,2023-06-02,2023-07-04
975,191,fixed,93.14,2096-05-25,2087-10-11
976,279,percentage,292.28,2022-01-31,2022-12-27
977,101,percentage,40.71,2020-02-21,2022-11-23
978,204,fixed,177.37,2022-03-08,2020-03-24
979,457,fixed,297.27,2023-05-23,2023-08-12
980,58,fixed,313.71,2023-10-25,2020-03-05
981,211,percentage,53.55,2023-05-31,2088-02-20
982,315,fixed,464.24,2021-01-16,2034-02-13
983,450,percentage,22.85,2020-12-19,2023-12-23
984,254,fixed,186.54,2021-07-30,2023-01-03
985,69,percentage,277.5,2020-03-22,2021-06-26
986,2,percentage,223.72,2021-02-15,2033-06-16
987,220,percentage,147.49,2089-10-03,2020-05-10
988,235,fixed,209.37,2022-12-13,2023-07-30
989,267,percentage,388.21,2043-09-19,2073-07-24
990,12,fixed,457.93,2020-06-12,2021-04-10
991,9,fixed,N/A,2020-06-01,2022-02-09
992,468,fixed,261.66,2039-08-06,2020-09-24
993,219,fixed,209.89,2020-07-14,2023-05-06
994,58,fixed,12.47,2022-01-21,2021-07-22
995,169,percentage,393.8,2021-12-15,2020-06-24
996,211,fixed,219.57,2023-09-05,2020-05-31
997,385,fixed,178.83,2020-09-22,2020-11-18
998,36,percentage,357.19,2020-06-13,2021-04-23
999,306,percentage,65.86,2022-10-10,2093-07-17
1000,304,percentage,251.68,2022-08-22,2020-05-23
